"CREATEDBYID","CREATEDDATE","DEPARTMENT__C","DESTINATION_STATE__C","ID","ISDELETED","LASTACTIVITYDATE","LASTMODIFIEDBYID","LASTMODIFIEDDATE","LASTREFERENCEDDATE","LASTVIEWEDDATE","NAME","OUT_OF_STATE__C","OWNERID","PURPOSE_OF_TRIP__C","STATUS__C","SYSTEMMODSTAMP","TOTAL_EXPENSES__C","TRIP_END_DATE__C","TRIP_START_DATE__C"
"0050p000004RJO7AAO","2023-03-15T02:49:20.000Z","a000p00000C41UYAAZ","TX","a010p000004lCQwAAM","false","","0050p000004RJO7AAO","2023-03-15T02:49:20.000Z","2023-03-15T03:04:46.000Z","2023-03-15T03:04:46.000Z","TA-00001","false","0050p000004RJO7AAO","Attend TDX","New","2023-03-15T03:09:23.000Z","200.0","2023-03-09","2023-03-06"
"0050p000004RJO7AAO","2023-03-15T03:15:34.000Z","a000p00000C41UaAAJ","FL","a010p000004lCRVAA2","false","","0050p000004RJO7AAO","2023-03-15T03:15:34.000Z","","","TA-00002","false","0050p000004RJO7AAO","White-Kutch","Approved","2023-03-15T03:15:34.000Z","0.0","2019-06-15","2019-06-14"
"0050p000004RJO7AAO","2023-03-15T03:15:34.000Z","a000p00000C41UXAAZ","OK","a010p000004lCRWAA2","false","","0050p000004RJO7AAO","2023-03-15T03:15:34.000Z","","","TA-00003","false","0050p000004RJO7AAO","Runolfsson, Bogisich and DuBuque","Approved","2023-03-15T03:15:34.000Z","0.0","2019-10-01","2019-10-01"
"0050p000004RJO7AAO","2023-03-15T03:15:34.000Z","a000p00000C41UdAAJ","OK","a010p000004lCRXAA2","false","","0050p000004RJO7AAO","2023-03-15T03:15:34.000Z","","","TA-00004","false","0050p000004RJO7AAO","Homenick, Waters and Gusikowski","Rejected","2023-03-15T03:15:34.000Z","0.0","2019-04-06","2019-04-03"
"0050p000004RJO7AAO","2023-03-15T03:15:34.000Z","a000p00000C41UWAAZ","FL","a010p000004lCRYAA2","false","","0050p000004RJO7AAO","2023-03-15T03:15:34.000Z","","","TA-00005","false","0050p000004RJO7AAO","Schoen, Mitchell and Kovacek","Approved","2023-03-15T03:15:34.000Z","0.0","2019-03-20","2019-03-13"
"0050p000004RJO7AAO","2023-03-15T03:15:34.000Z","a000p00000C41UYAAZ","FL","a010p000004lCRZAA2","false","","0050p000004RJO7AAO","2023-03-15T03:15:34.000Z","","","TA-00006","false","0050p000004RJO7AAO","Senger-Schumm","Approved","2023-03-15T03:15:34.000Z","0.0","2019-05-05","2019-04-27"
"0050p000004RJO7AAO","2023-03-15T03:15:34.000Z","a000p00000C41UUAAZ","CA","a010p000004lCRaAAM","false","","0050p000004RJO7AAO","2023-03-15T03:15:34.000Z","","","TA-00007","false","0050p000004RJO7AAO","Abernathy, Beatty and Leffler","Rejected","2023-03-15T03:15:34.000Z","0.0","2019-03-09","2019-03-09"
"0050p000004RJO7AAO","2023-03-15T03:15:34.000Z","a000p00000C41UTAAZ","TX","a010p000004lCRbAAM","false","","0050p000004RJO7AAO","2023-03-15T03:15:34.000Z","","","TA-00008","false","0050p000004RJO7AAO","Mertz-Mertz","Approved","2023-03-15T03:15:34.000Z","0.0","2020-01-01","2019-12-22"
"0050p000004RJO7AAO","2023-03-15T03:15:34.000Z","a000p00000C41UcAAJ","OK","a010p000004lCRcAAM","false","","0050p000004RJO7AAO","2023-03-15T03:15:34.000Z","","","TA-00009","false","0050p000004RJO7AAO","Tromp Group","Approved","2023-03-15T03:15:34.000Z","0.0","2019-04-28","2019-04-23"
"0050p000004RJO7AAO","2023-03-15T03:15:34.000Z","a000p00000C41USAAZ","FL","a010p000004lCRdAAM","false","","0050p000004RJO7AAO","2023-03-15T03:15:34.000Z","","","TA-00010","false","0050p000004RJO7AAO","Leuschke-Lakin","Rejected","2023-03-15T03:15:34.000Z","0.0","2019-08-15","2019-08-09"
"0050p000004RJO7AAO","2023-03-15T03:15:34.000Z","a000p00000C41UcAAJ","GA","a010p000004lCReAAM","false","","0050p000004RJO7AAO","2023-03-15T03:15:34.000Z","","","TA-00011","false","0050p000004RJO7AAO","Homenick, Blanda and Hoppe","Approved","2023-03-15T03:15:34.000Z","0.0","2019-11-11","2019-11-05"
"0050p000004RJO7AAO","2023-03-15T03:15:34.000Z","a000p00000C41UXAAZ","CA","a010p000004lCRfAAM","false","","0050p000004RJO7AAO","2023-03-15T03:15:34.000Z","","","TA-00012","false","0050p000004RJO7AAO","Weimann, Larson and Wiza","Approved","2023-03-15T03:15:34.000Z","0.0","2019-03-22","2019-03-22"
"0050p000004RJO7AAO","2023-03-15T03:15:34.000Z","a000p00000C41UWAAZ","TX","a010p000004lCRgAAM","false","","0050p000004RJO7AAO","2023-03-15T03:15:34.000Z","","","TA-00013","false","0050p000004RJO7AAO","Romaguera, Muller and Schulist","Approved","2023-03-15T03:15:34.000Z","0.0","2019-03-09","2019-03-06"
"0050p000004RJO7AAO","2023-03-15T03:15:34.000Z","a000p00000C41UbAAJ","TX","a010p000004lCRhAAM","false","","0050p000004RJO7AAO","2023-03-15T03:15:34.000Z","","","TA-00014","false","0050p000004RJO7AAO","Lehner, Robel and Botsford","Approved","2023-03-15T03:15:34.000Z","0.0","2019-11-26","2019-11-21"
"0050p000004RJO7AAO","2023-03-15T03:15:34.000Z","a000p00000C41UaAAJ","TX","a010p000004lCRiAAM","false","","0050p000004RJO7AAO","2023-03-15T03:15:34.000Z","","","TA-00015","false","0050p000004RJO7AAO","Hodkiewicz LLC","Approved","2023-03-15T03:15:34.000Z","0.0","2019-03-19","2019-03-07"
"0050p000004RJO7AAO","2023-03-15T03:15:34.000Z","a000p00000C41UcAAJ","FL","a010p000004lCRjAAM","false","","0050p000004RJO7AAO","2023-03-15T03:15:34.000Z","","","TA-00016","false","0050p000004RJO7AAO","Hoeger-Crist","Approved","2023-03-15T03:15:34.000Z","0.0","2019-08-14","2019-08-06"
"0050p000004RJO7AAO","2023-03-15T03:15:34.000Z","a000p00000C41UZAAZ","OK","a010p000004lCRkAAM","false","","0050p000004RJO7AAO","2023-03-15T03:15:34.000Z","","","TA-00017","false","0050p000004RJO7AAO","Kautzer, Fisher and Kiehn","Approved","2023-03-15T03:15:34.000Z","0.0","2019-04-14","2019-04-07"
"0050p000004RJO7AAO","2023-03-15T03:15:34.000Z","a000p00000C41UTAAZ","FL","a010p000004lCRlAAM","false","","0050p000004RJO7AAO","2023-03-15T03:15:34.000Z","","","TA-00018","false","0050p000004RJO7AAO","Kerluke, Watsica and Labadie","Approved","2023-03-15T03:15:34.000Z","0.0","2019-05-14","2019-05-08"
"0050p000004RJO7AAO","2023-03-15T03:15:34.000Z","a000p00000C41UdAAJ","FL","a010p000004lCRmAAM","false","","0050p000004RJO7AAO","2023-03-15T03:15:34.000Z","","","TA-00019","false","0050p000004RJO7AAO","Wintheiser-DuBuque","Approved","2023-03-15T03:15:34.000Z","0.0","2019-11-12","2019-11-06"
"0050p000004RJO7AAO","2023-03-15T03:15:34.000Z","a000p00000C41USAAZ","TX","a010p000004lCRnAAM","false","","0050p000004RJO7AAO","2023-03-15T03:15:34.000Z","","","TA-00020","false","0050p000004RJO7AAO","Keeling-Raynor","Approved","2023-03-15T03:15:34.000Z","0.0","2019-03-06","2019-02-28"
"0050p000004RJO7AAO","2023-03-15T03:15:34.000Z","a000p00000C41UXAAZ","OK","a010p000004lCRoAAM","false","","0050p000004RJO7AAO","2023-03-15T03:15:34.000Z","","","TA-00021","false","0050p000004RJO7AAO","Weber-Herman","Rejected","2023-03-15T03:15:34.000Z","0.0","2019-03-07","2019-03-06"
"0050p000004RJO7AAO","2023-03-15T03:15:34.000Z","a000p00000C41UaAAJ","CA","a010p000004lCRpAAM","false","","0050p000004RJO7AAO","2023-03-15T03:15:34.000Z","","","TA-00022","false","0050p000004RJO7AAO","Wolff-Schumm","Approved","2023-03-15T03:15:34.000Z","0.0","2019-07-13","2019-07-09"
"0050p000004RJO7AAO","2023-03-15T03:15:34.000Z","a000p00000C41UZAAZ","OK","a010p000004lCRqAAM","false","","0050p000004RJO7AAO","2023-03-15T03:15:34.000Z","","","TA-00023","false","0050p000004RJO7AAO","Sauer, Franecki and VonRueden","Rejected","2023-03-15T03:15:34.000Z","0.0","2019-06-26","2019-06-14"
"0050p000004RJO7AAO","2023-03-15T03:15:34.000Z","a000p00000C41UaAAJ","FL","a010p000004lCRrAAM","false","","0050p000004RJO7AAO","2023-03-15T03:15:34.000Z","","","TA-00024","false","0050p000004RJO7AAO","Streich LLC","Rejected","2023-03-15T03:15:34.000Z","0.0","2019-01-19","2019-01-12"
"0050p000004RJO7AAO","2023-03-15T03:15:34.000Z","a000p00000C41UZAAZ","GA","a010p000004lCRsAAM","false","","0050p000004RJO7AAO","2023-03-15T03:15:34.000Z","","","TA-00025","false","0050p000004RJO7AAO","Klocko, Gutkowski and Mitchell","Approved","2023-03-15T03:15:34.000Z","0.0","2019-09-21","2019-09-19"
"0050p000004RJO7AAO","2023-03-15T03:15:34.000Z","a000p00000C41UTAAZ","OK","a010p000004lCRtAAM","false","","0050p000004RJO7AAO","2023-03-15T03:15:34.000Z","","","TA-00026","false","0050p000004RJO7AAO","Ward Group","Approved","2023-03-15T03:15:34.000Z","0.0","2019-05-11","2019-05-11"
"0050p000004RJO7AAO","2023-03-15T03:15:34.000Z","a000p00000C41UYAAZ","FL","a010p000004lCRuAAM","false","","0050p000004RJO7AAO","2023-03-15T03:15:34.000Z","","","TA-00027","false","0050p000004RJO7AAO","Purdy, Halvorson and Langworth","Approved","2023-03-15T03:15:34.000Z","0.0","2019-07-30","2019-07-30"
"0050p000004RJO7AAO","2023-03-15T03:15:34.000Z","a000p00000C41UZAAZ","CA","a010p000004lCRvAAM","false","","0050p000004RJO7AAO","2023-03-15T03:15:34.000Z","","","TA-00028","false","0050p000004RJO7AAO","Wiza Group","Approved","2023-03-15T03:15:34.000Z","0.0","2019-03-01","2019-02-27"
"0050p000004RJO7AAO","2023-03-15T03:15:34.000Z","a000p00000C41UYAAZ","GA","a010p000004lCRwAAM","false","","0050p000004RJO7AAO","2023-03-15T03:15:34.000Z","","","TA-00029","false","0050p000004RJO7AAO","Fadel, Bradtke and Trantow","Approved","2023-03-15T03:15:34.000Z","0.0","2019-12-05","2019-11-30"
"0050p000004RJO7AAO","2023-03-15T03:15:34.000Z","a000p00000C41UaAAJ","CA","a010p000004lCRxAAM","false","","0050p000004RJO7AAO","2023-03-15T03:15:34.000Z","","","TA-00030","false","0050p000004RJO7AAO","Crooks-Connelly","Approved","2023-03-15T03:15:34.000Z","0.0","2019-08-18","2019-08-19"
"0050p000004RJO7AAO","2023-03-15T03:15:34.000Z","a000p00000C41UdAAJ","OK","a010p000004lCRyAAM","false","","0050p000004RJO7AAO","2023-03-15T03:15:34.000Z","","","TA-00031","false","0050p000004RJO7AAO","Herzog Group","Approved","2023-03-15T03:15:34.000Z","0.0","2019-01-26","2019-01-23"
"0050p000004RJO7AAO","2023-03-15T03:15:34.000Z","a000p00000C41UWAAZ","TX","a010p000004lCRzAAM","false","","0050p000004RJO7AAO","2023-03-15T03:15:34.000Z","","","TA-00032","false","0050p000004RJO7AAO","Hegmann and Sons","Rejected","2023-03-15T03:15:34.000Z","0.0","2019-04-14","2019-04-10"
"0050p000004RJO7AAO","2023-03-15T03:15:34.000Z","a000p00000C41UaAAJ","FL","a010p000004lCS0AAM","false","","0050p000004RJO7AAO","2023-03-15T03:15:34.000Z","","","TA-00033","false","0050p000004RJO7AAO","Bashirian and Sons","Approved","2023-03-15T03:15:34.000Z","0.0","2019-05-30","2019-05-30"
"0050p000004RJO7AAO","2023-03-15T03:15:34.000Z","a000p00000C41UdAAJ","GA","a010p000004lCS1AAM","false","","0050p000004RJO7AAO","2023-03-15T03:15:34.000Z","","","TA-00034","false","0050p000004RJO7AAO","Dicki-Rath","Approved","2023-03-15T03:15:34.000Z","0.0","2019-07-07","2019-07-07"
"0050p000004RJO7AAO","2023-03-15T03:15:34.000Z","a000p00000C41UfAAJ","GA","a010p000004lCS2AAM","false","","0050p000004RJO7AAO","2023-03-15T03:15:34.000Z","","","TA-00035","false","0050p000004RJO7AAO","Windler Group","Approved","2023-03-15T03:15:34.000Z","0.0","2019-11-20","2019-11-15"
"0050p000004RJO7AAO","2023-03-15T03:15:34.000Z","a000p00000C41UhAAJ","TX","a010p000004lCS3AAM","false","","0050p000004RJO7AAO","2023-03-15T03:15:34.000Z","","","TA-00036","false","0050p000004RJO7AAO","Satterfield and Sons","Approved","2023-03-15T03:15:34.000Z","0.0","2019-07-19","2019-07-13"
"0050p000004RJO7AAO","2023-03-15T03:15:34.000Z","a000p00000C41UfAAJ","TX","a010p000004lCS4AAM","false","","0050p000004RJO7AAO","2023-03-15T03:15:34.000Z","","","TA-00037","false","0050p000004RJO7AAO","Sanford, Kuhic and Bergnaum","Approved","2023-03-15T03:15:34.000Z","0.0","2019-12-19","2019-12-19"
"0050p000004RJO7AAO","2023-03-15T03:15:34.000Z","a000p00000C41UXAAZ","FL","a010p000004lCS5AAM","false","","0050p000004RJO7AAO","2023-03-15T03:15:34.000Z","","","TA-00038","false","0050p000004RJO7AAO","Mitchell-Gibson","Approved","2023-03-15T03:15:34.000Z","0.0","2019-10-22","2019-10-20"
"0050p000004RJO7AAO","2023-03-15T03:15:34.000Z","a000p00000C41UcAAJ","FL","a010p000004lCS6AAM","false","","0050p000004RJO7AAO","2023-03-15T03:15:34.000Z","","","TA-00039","false","0050p000004RJO7AAO","Altenwerth-Crooks","Approved","2023-03-15T03:15:34.000Z","0.0","2019-02-20","2019-02-17"
"0050p000004RJO7AAO","2023-03-15T03:15:34.000Z","a000p00000C41UWAAZ","CA","a010p000004lCS7AAM","false","","0050p000004RJO7AAO","2023-03-15T03:15:34.000Z","","","TA-00040","false","0050p000004RJO7AAO","Jaskolski-Murray","Approved","2023-03-15T03:15:34.000Z","0.0","2019-07-31","2019-07-21"
"0050p000004RJO7AAO","2023-03-15T03:15:34.000Z","a000p00000C41UeAAJ","GA","a010p000004lCS8AAM","false","","0050p000004RJO7AAO","2023-03-15T03:15:34.000Z","","","TA-00041","false","0050p000004RJO7AAO","Nitzsche, Reichert and Johns","Approved","2023-03-15T03:15:34.000Z","0.0","2019-09-20","2019-09-08"
"0050p000004RJO7AAO","2023-03-15T03:15:34.000Z","a000p00000C41UaAAJ","OK","a010p000004lCS9AAM","false","","0050p000004RJO7AAO","2023-03-15T03:15:34.000Z","","","TA-00042","false","0050p000004RJO7AAO","Jacobi-Ferry","Approved","2023-03-15T03:15:34.000Z","0.0","2019-06-12","2019-06-02"
"0050p000004RJO7AAO","2023-03-15T03:15:34.000Z","a000p00000C41UWAAZ","FL","a010p000004lCSAAA2","false","","0050p000004RJO7AAO","2023-03-15T03:15:34.000Z","","","TA-00043","false","0050p000004RJO7AAO","Kling Inc","Approved","2023-03-15T03:15:34.000Z","0.0","2019-04-27","2019-04-25"
"0050p000004RJO7AAO","2023-03-15T03:15:34.000Z","a000p00000C41UWAAZ","FL","a010p000004lCSBAA2","false","","0050p000004RJO7AAO","2023-03-15T03:15:34.000Z","","","TA-00044","false","0050p000004RJO7AAO","Kutch-Ebert","Approved","2023-03-15T03:15:34.000Z","0.0","2019-08-21","2019-07-31"
"0050p000004RJO7AAO","2023-03-15T03:15:34.000Z","a000p00000C41UcAAJ","GA","a010p000004lCSCAA2","false","","0050p000004RJO7AAO","2023-03-15T03:15:34.000Z","","","TA-00045","false","0050p000004RJO7AAO","Huels-Kihn","Approved","2023-03-15T03:15:34.000Z","0.0","2019-03-14","2019-03-05"
"0050p000004RJO7AAO","2023-03-15T03:15:34.000Z","a000p00000C41UcAAJ","OK","a010p000004lCSDAA2","false","","0050p000004RJO7AAO","2023-03-15T03:15:34.000Z","","","TA-00046","false","0050p000004RJO7AAO","Spinka Group","Approved","2023-03-15T03:15:34.000Z","0.0","2019-01-24","2019-01-24"
"0050p000004RJO7AAO","2023-03-15T03:15:34.000Z","a000p00000C41UWAAZ","TX","a010p000004lCSEAA2","false","","0050p000004RJO7AAO","2023-03-15T03:15:34.000Z","","","TA-00047","false","0050p000004RJO7AAO","Kunde, O'Reilly and Steuber","Approved","2023-03-15T03:15:34.000Z","0.0","2019-11-29","2019-11-19"
"0050p000004RJO7AAO","2023-03-15T03:15:34.000Z","a000p00000C41UgAAJ","CA","a010p000004lCSFAA2","false","","0050p000004RJO7AAO","2023-03-15T03:15:34.000Z","","","TA-00048","false","0050p000004RJO7AAO","Huels, Kuvalis and Blanda","Approved","2023-03-15T03:15:34.000Z","0.0","2019-11-11","2019-11-05"
"0050p000004RJO7AAO","2023-03-15T03:15:34.000Z","a000p00000C41UdAAJ","FL","a010p000004lCSGAA2","false","","0050p000004RJO7AAO","2023-03-15T03:15:34.000Z","","","TA-00049","false","0050p000004RJO7AAO","Rutherford, Cremin and Yundt","Approved","2023-03-15T03:15:34.000Z","0.0","2019-06-27","2019-06-27"
"0050p000004RJO7AAO","2023-03-15T03:15:34.000Z","a000p00000C41UWAAZ","GA","a010p000004lCSHAA2","false","","0050p000004RJO7AAO","2023-03-15T03:15:34.000Z","","","TA-00050","false","0050p000004RJO7AAO","Jaskolski Group","Approved","2023-03-15T03:15:34.000Z","0.0","2019-03-19","2019-03-15"
"0050p000004RJO7AAO","2023-03-15T03:15:34.000Z","a000p00000C41UeAAJ","TX","a010p000004lCSIAA2","false","","0050p000004RJO7AAO","2023-03-15T03:15:34.000Z","","","TA-00051","false","0050p000004RJO7AAO","Halvorson LLC","Approved","2023-03-15T03:15:34.000Z","0.0","2019-04-01","2019-04-01"
"0050p000004RJO7AAO","2023-03-15T03:15:34.000Z","a000p00000C41USAAZ","TX","a010p000004lCSJAA2","false","","0050p000004RJO7AAO","2023-03-15T03:15:34.000Z","","","TA-00052","false","0050p000004RJO7AAO","Schuppe-Armstrong","Approved","2023-03-15T03:15:34.000Z","0.0","2019-05-10","2019-04-30"
"0050p000004RJO7AAO","2023-03-15T03:15:34.000Z","a000p00000C41UYAAZ","FL","a010p000004lCSKAA2","false","","0050p000004RJO7AAO","2023-03-15T03:15:34.000Z","","","TA-00053","false","0050p000004RJO7AAO","Fritsch-Johnston","Approved","2023-03-15T03:15:34.000Z","0.0","2019-07-11","2019-07-09"
"0050p000004RJO7AAO","2023-03-15T03:15:34.000Z","a000p00000C41UXAAZ","GA","a010p000004lCSLAA2","false","","0050p000004RJO7AAO","2023-03-15T03:15:34.000Z","","","TA-00054","false","0050p000004RJO7AAO","Goyette, Effertz and Wilderman","Approved","2023-03-15T03:15:34.000Z","0.0","2019-05-02","2019-04-23"
"0050p000004RJO7AAO","2023-03-15T03:15:34.000Z","a000p00000C41UdAAJ","OK","a010p000004lCSMAA2","false","","0050p000004RJO7AAO","2023-03-15T03:15:34.000Z","","","TA-00055","false","0050p000004RJO7AAO","Wisozk LLC","Approved","2023-03-15T03:15:34.000Z","0.0","2019-10-12","2019-10-11"
"0050p000004RJO7AAO","2023-03-15T03:15:34.000Z","a000p00000C41UbAAJ","FL","a010p000004lCSNAA2","false","","0050p000004RJO7AAO","2023-03-15T03:15:34.000Z","","","TA-00056","false","0050p000004RJO7AAO","Fay Group","Approved","2023-03-15T03:15:34.000Z","0.0","2019-12-08","2019-12-06"
"0050p000004RJO7AAO","2023-03-15T03:15:34.000Z","a000p00000C41UVAAZ","FL","a010p000004lCSOAA2","false","","0050p000004RJO7AAO","2023-03-15T03:15:34.000Z","","","TA-00057","false","0050p000004RJO7AAO","Jaskolski-Watsica","Approved","2023-03-15T03:15:34.000Z","0.0","2019-04-22","2019-04-22"
"0050p000004RJO7AAO","2023-03-15T03:15:34.000Z","a000p00000C41UdAAJ","CA","a010p000004lCSPAA2","false","","0050p000004RJO7AAO","2023-03-15T03:15:34.000Z","","","TA-00058","false","0050p000004RJO7AAO","Ritchie-Corkery","Approved","2023-03-15T03:15:34.000Z","0.0","2019-08-22","2019-08-12"
"0050p000004RJO7AAO","2023-03-15T03:15:34.000Z","a000p00000C41UhAAJ","CA","a010p000004lCSQAA2","false","","0050p000004RJO7AAO","2023-03-15T03:15:34.000Z","","","TA-00059","false","0050p000004RJO7AAO","Reilly, Weissnat and Hettinger","Approved","2023-03-15T03:15:34.000Z","0.0","2019-04-25","2019-04-22"
"0050p000004RJO7AAO","2023-03-15T03:15:34.000Z","a000p00000C41UYAAZ","FL","a010p000004lCSRAA2","false","","0050p000004RJO7AAO","2023-03-15T03:15:34.000Z","","","TA-00060","false","0050p000004RJO7AAO","Hammes and Sons","Approved","2023-03-15T03:15:34.000Z","0.0","2019-12-05","2019-11-29"
"0050p000004RJO7AAO","2023-03-15T03:15:34.000Z","a000p00000C41UZAAZ","TX","a010p000004lCSSAA2","false","","0050p000004RJO7AAO","2023-03-15T03:15:34.000Z","","","TA-00061","false","0050p000004RJO7AAO","Wintheiser-Romaguera","Approved","2023-03-15T03:15:34.000Z","0.0","2019-06-03","2019-06-03"
"0050p000004RJO7AAO","2023-03-15T03:15:34.000Z","a000p00000C41UUAAZ","GA","a010p000004lCSTAA2","false","","0050p000004RJO7AAO","2023-03-15T03:15:34.000Z","","","TA-00062","false","0050p000004RJO7AAO","Crona-Cremin","Approved","2023-03-15T03:15:34.000Z","0.0","2019-07-20","2019-07-05"
"0050p000004RJO7AAO","2023-03-15T03:15:34.000Z","a000p00000C41UdAAJ","CA","a010p000004lCSUAA2","false","","0050p000004RJO7AAO","2023-03-15T03:15:34.000Z","","","TA-00063","false","0050p000004RJO7AAO","Kiehn-Ondricka","Approved","2023-03-15T03:15:34.000Z","0.0","2019-09-18","2019-09-15"
"0050p000004RJO7AAO","2023-03-15T03:15:34.000Z","a000p00000C41UdAAJ","CA","a010p000004lCSVAA2","false","","0050p000004RJO7AAO","2023-03-15T03:15:34.000Z","","","TA-00064","false","0050p000004RJO7AAO","Sawayn-King","Approved","2023-03-15T03:15:34.000Z","0.0","2019-07-20","2019-07-19"
"0050p000004RJO7AAO","2023-03-15T03:15:34.000Z","a000p00000C41UhAAJ","OK","a010p000004lCSWAA2","false","","0050p000004RJO7AAO","2023-03-15T03:15:34.000Z","","","TA-00065","false","0050p000004RJO7AAO","Ebert Inc","Rejected","2023-03-15T03:15:34.000Z","0.0","2019-05-05","2019-04-23"
"0050p000004RJO7AAO","2023-03-15T03:15:34.000Z","a000p00000C41UVAAZ","CA","a010p000004lCSXAA2","false","","0050p000004RJO7AAO","2023-03-15T03:15:34.000Z","","","TA-00066","false","0050p000004RJO7AAO","Bauch, Bosco and Morissette","Approved","2023-03-15T03:15:34.000Z","0.0","2019-02-05","2019-02-05"
"0050p000004RJO7AAO","2023-03-15T03:15:34.000Z","a000p00000C41UTAAZ","CA","a010p000004lCSYAA2","false","","0050p000004RJO7AAO","2023-03-15T03:15:34.000Z","","","TA-00067","false","0050p000004RJO7AAO","Hand and Sons","Approved","2023-03-15T03:15:34.000Z","0.0","2019-09-29","2019-09-23"
"0050p000004RJO7AAO","2023-03-15T03:15:34.000Z","a000p00000C41UZAAZ","TX","a010p000004lCSZAA2","false","","0050p000004RJO7AAO","2023-03-15T03:15:34.000Z","","","TA-00068","false","0050p000004RJO7AAO","Adams-Halvorson","Approved","2023-03-15T03:15:34.000Z","0.0","2019-01-23","2019-01-20"
"0050p000004RJO7AAO","2023-03-15T03:15:34.000Z","a000p00000C41UUAAZ","OK","a010p000004lCSaAAM","false","","0050p000004RJO7AAO","2023-03-15T03:15:34.000Z","","","TA-00069","false","0050p000004RJO7AAO","Collier Group","Approved","2023-03-15T03:15:34.000Z","0.0","2019-12-19","2019-12-11"
"0050p000004RJO7AAO","2023-03-15T03:15:34.000Z","a000p00000C41UhAAJ","FL","a010p000004lCSbAAM","false","","0050p000004RJO7AAO","2023-03-15T03:15:34.000Z","","","TA-00070","false","0050p000004RJO7AAO","Ullrich Inc","Approved","2023-03-15T03:15:34.000Z","0.0","2019-04-04","2019-04-04"
"0050p000004RJO7AAO","2023-03-15T03:15:34.000Z","a000p00000C41USAAZ","OK","a010p000004lCScAAM","false","","0050p000004RJO7AAO","2023-03-15T03:15:34.000Z","","","TA-00071","false","0050p000004RJO7AAO","Muller, Dach and Powlowski","Approved","2023-03-15T03:15:34.000Z","0.0","2020-01-10","2019-12-27"
"0050p000004RJO7AAO","2023-03-15T03:15:34.000Z","a000p00000C41UWAAZ","CA","a010p000004lCSdAAM","false","","0050p000004RJO7AAO","2023-03-15T03:15:34.000Z","","","TA-00072","false","0050p000004RJO7AAO","Hermann LLC","Approved","2023-03-15T03:15:34.000Z","0.0","2019-09-21","2019-09-09"
"0050p000004RJO7AAO","2023-03-15T03:15:34.000Z","a000p00000C41UaAAJ","FL","a010p000004lCSeAAM","false","","0050p000004RJO7AAO","2023-03-15T03:15:34.000Z","","","TA-00073","false","0050p000004RJO7AAO","Beatty LLC","Approved","2023-03-15T03:15:34.000Z","0.0","2019-12-10","2019-12-04"
"0050p000004RJO7AAO","2023-03-15T03:15:34.000Z","a000p00000C41UhAAJ","FL","a010p000004lCSfAAM","false","","0050p000004RJO7AAO","2023-03-15T03:15:34.000Z","","","TA-00074","false","0050p000004RJO7AAO","Emmerich, Koch and Zemlak","Approved","2023-03-15T03:15:34.000Z","0.0","2019-06-02","2019-05-31"
"0050p000004RJO7AAO","2023-03-15T03:15:34.000Z","a000p00000C41UdAAJ","TX","a010p000004lCSgAAM","false","","0050p000004RJO7AAO","2023-03-15T03:15:34.000Z","","","TA-00075","false","0050p000004RJO7AAO","Ward, Willms and Sanford","Approved","2023-03-15T03:15:34.000Z","0.0","2019-09-30","2019-09-18"
"0050p000004RJO7AAO","2023-03-15T03:15:34.000Z","a000p00000C41UZAAZ","FL","a010p000004lCShAAM","false","","0050p000004RJO7AAO","2023-03-15T03:15:34.000Z","","","TA-00076","false","0050p000004RJO7AAO","Schaefer, Von and Bins","Approved","2023-03-15T03:15:34.000Z","0.0","2019-10-04","2019-10-04"
"0050p000004RJO7AAO","2023-03-15T03:15:34.000Z","a000p00000C41UaAAJ","FL","a010p000004lCSiAAM","false","","0050p000004RJO7AAO","2023-03-15T03:15:34.000Z","","","TA-00077","false","0050p000004RJO7AAO","Upton, Murphy and Block","Approved","2023-03-15T03:15:34.000Z","0.0","2019-07-26","2019-07-19"
"0050p000004RJO7AAO","2023-03-15T03:15:34.000Z","a000p00000C41UaAAJ","OK","a010p000004lCSjAAM","false","","0050p000004RJO7AAO","2023-03-15T03:15:34.000Z","","","TA-00078","false","0050p000004RJO7AAO","Bode Inc","Rejected","2023-03-15T03:15:34.000Z","0.0","2019-04-18","2019-03-31"
"0050p000004RJO7AAO","2023-03-15T03:15:34.000Z","a000p00000C41UXAAZ","CA","a010p000004lCSkAAM","false","","0050p000004RJO7AAO","2023-03-15T03:15:34.000Z","","","TA-00079","false","0050p000004RJO7AAO","Roberts Inc","Rejected","2023-03-15T03:15:34.000Z","0.0","2019-07-09","2019-07-05"
"0050p000004RJO7AAO","2023-03-15T03:15:34.000Z","a000p00000C41USAAZ","FL","a010p000004lCSlAAM","false","","0050p000004RJO7AAO","2023-03-15T03:15:34.000Z","","","TA-00080","false","0050p000004RJO7AAO","Mayert, Hayes and Strosin","Approved","2023-03-15T03:15:34.000Z","0.0","2019-10-06","2019-09-21"
"0050p000004RJO7AAO","2023-03-15T03:15:34.000Z","a000p00000C41UeAAJ","GA","a010p000004lCSmAAM","false","","0050p000004RJO7AAO","2023-03-15T03:15:34.000Z","","","TA-00081","false","0050p000004RJO7AAO","Gottlieb, Braun and Swaniawski","Approved","2023-03-15T03:15:34.000Z","0.0","2019-02-15","2019-02-06"
"0050p000004RJO7AAO","2023-03-15T03:15:34.000Z","a000p00000C41UUAAZ","GA","a010p000004lCSnAAM","false","","0050p000004RJO7AAO","2023-03-15T03:15:34.000Z","","","TA-00082","false","0050p000004RJO7AAO","Howell-Douglas","Approved","2023-03-15T03:15:34.000Z","0.0","2019-09-03","2019-09-03"
"0050p000004RJO7AAO","2023-03-15T03:15:34.000Z","a000p00000C41USAAZ","OK","a010p000004lCSoAAM","false","","0050p000004RJO7AAO","2023-03-15T03:15:34.000Z","","","TA-00083","false","0050p000004RJO7AAO","Haag, Lang and Quigley","Approved","2023-03-15T03:15:34.000Z","0.0","2019-09-03","2019-09-03"
"0050p000004RJO7AAO","2023-03-15T03:15:34.000Z","a000p00000C41UbAAJ","TX","a010p000004lCSpAAM","false","","0050p000004RJO7AAO","2023-03-15T03:15:34.000Z","","","TA-00084","false","0050p000004RJO7AAO","Stehr Group","Approved","2023-03-15T03:15:34.000Z","0.0","2019-09-19","2019-09-15"
"0050p000004RJO7AAO","2023-03-15T03:15:34.000Z","a000p00000C41USAAZ","CA","a010p000004lCSqAAM","false","","0050p000004RJO7AAO","2023-03-15T03:15:34.000Z","","","TA-00085","false","0050p000004RJO7AAO","Bruen Inc","Approved","2023-03-15T03:15:34.000Z","0.0","2019-04-10","2019-03-20"
"0050p000004RJO7AAO","2023-03-15T03:15:34.000Z","a000p00000C41UXAAZ","OK","a010p000004lCSrAAM","false","","0050p000004RJO7AAO","2023-03-15T03:15:34.000Z","","","TA-00086","false","0050p000004RJO7AAO","Pollich-Crist","Approved","2023-03-15T03:15:34.000Z","0.0","2019-07-08","2019-07-08"
"0050p000004RJO7AAO","2023-03-15T03:15:34.000Z","a000p00000C41UgAAJ","GA","a010p000004lCSsAAM","false","","0050p000004RJO7AAO","2023-03-15T03:15:34.000Z","","","TA-00087","false","0050p000004RJO7AAO","Keeling and Sons","Approved","2023-03-15T03:15:34.000Z","0.0","2019-12-27","2019-12-21"
"0050p000004RJO7AAO","2023-03-15T03:15:34.000Z","a000p00000C41UaAAJ","FL","a010p000004lCStAAM","false","","0050p000004RJO7AAO","2023-03-15T03:15:34.000Z","","","TA-00088","false","0050p000004RJO7AAO","Baumbach, Barton and Gusikowski","Approved","2023-03-15T03:15:34.000Z","0.0","2019-04-11","2019-03-30"
"0050p000004RJO7AAO","2023-03-15T03:15:34.000Z","a000p00000C41UUAAZ","FL","a010p000004lCSuAAM","false","","0050p000004RJO7AAO","2023-03-15T03:15:34.000Z","","","TA-00089","false","0050p000004RJO7AAO","Kulas-Steuber","Approved","2023-03-15T03:15:34.000Z","0.0","2019-07-15","2019-07-05"
"0050p000004RJO7AAO","2023-03-15T03:15:34.000Z","a000p00000C41UTAAZ","FL","a010p000004lCSvAAM","false","","0050p000004RJO7AAO","2023-03-15T03:15:34.000Z","","","TA-00090","false","0050p000004RJO7AAO","Schuster LLC","Approved","2023-03-15T03:15:34.000Z","0.0","2019-08-28","2019-08-28"
"0050p000004RJO7AAO","2023-03-15T03:15:34.000Z","a000p00000C41UbAAJ","TX","a010p000004lCSwAAM","false","","0050p000004RJO7AAO","2023-03-15T03:15:34.000Z","","","TA-00091","false","0050p000004RJO7AAO","McKenzie, Brown and Trantow","Rejected","2023-03-15T03:15:34.000Z","0.0","2019-01-30","2019-01-27"
"0050p000004RJO7AAO","2023-03-15T03:15:34.000Z","a000p00000C41UWAAZ","TX","a010p000004lCSxAAM","false","","0050p000004RJO7AAO","2023-03-15T03:15:34.000Z","","","TA-00092","false","0050p000004RJO7AAO","Robel, Cartwright and Jerde","Rejected","2023-03-15T03:15:34.000Z","0.0","2019-06-18","2019-06-12"
"0050p000004RJO7AAO","2023-03-15T03:15:34.000Z","a000p00000C41UbAAJ","GA","a010p000004lCSyAAM","false","","0050p000004RJO7AAO","2023-03-15T03:15:34.000Z","","","TA-00093","false","0050p000004RJO7AAO","Leffler-Towne","Approved","2023-03-15T03:15:34.000Z","0.0","2019-05-24","2019-05-09"
"0050p000004RJO7AAO","2023-03-15T03:15:34.000Z","a000p00000C41UXAAZ","TX","a010p000004lCSzAAM","false","","0050p000004RJO7AAO","2023-03-15T03:15:34.000Z","","","TA-00094","false","0050p000004RJO7AAO","Thiel LLC","Approved","2023-03-15T03:15:34.000Z","0.0","2019-03-10","2019-02-27"
"0050p000004RJO7AAO","2023-03-15T03:15:34.000Z","a000p00000C41UYAAZ","GA","a010p000004lCT0AAM","false","","0050p000004RJO7AAO","2023-03-15T03:15:34.000Z","","","TA-00095","false","0050p000004RJO7AAO","Herzog, Stehr and Morissette","Approved","2023-03-15T03:15:34.000Z","0.0","2019-05-12","2019-05-02"
"0050p000004RJO7AAO","2023-03-15T03:15:34.000Z","a000p00000C41UfAAJ","GA","a010p000004lCT1AAM","false","","0050p000004RJO7AAO","2023-03-15T03:15:34.000Z","","","TA-00096","false","0050p000004RJO7AAO","Barrows, Jerde and McClure","Approved","2023-03-15T03:15:34.000Z","0.0","2019-09-05","2019-09-05"
"0050p000004RJO7AAO","2023-03-15T03:15:34.000Z","a000p00000C41UXAAZ","OK","a010p000004lCT2AAM","false","","0050p000004RJO7AAO","2023-03-15T03:15:34.000Z","","","TA-00097","false","0050p000004RJO7AAO","Lehner Group","Approved","2023-03-15T03:15:34.000Z","0.0","2019-07-10","2019-07-04"
"0050p000004RJO7AAO","2023-03-15T03:15:34.000Z","a000p00000C41UTAAZ","GA","a010p000004lCT3AAM","false","","0050p000004RJO7AAO","2023-03-15T03:15:34.000Z","","","TA-00098","false","0050p000004RJO7AAO","King-Jacobson","Rejected","2023-03-15T03:15:34.000Z","0.0","2019-04-04","2019-03-30"
"0050p000004RJO7AAO","2023-03-15T03:15:34.000Z","a000p00000C41UWAAZ","CA","a010p000004lCT4AAM","false","","0050p000004RJO7AAO","2023-03-15T03:15:34.000Z","","","TA-00099","false","0050p000004RJO7AAO","Hamill and Sons","Approved","2023-03-15T03:15:34.000Z","0.0","2019-12-04","2019-11-27"
"0050p000004RJO7AAO","2023-03-15T03:15:34.000Z","a000p00000C41UYAAZ","GA","a010p000004lCT5AAM","false","","0050p000004RJO7AAO","2023-03-15T03:15:34.000Z","","","TA-00100","false","0050p000004RJO7AAO","McKenzie Inc","Rejected","2023-03-15T03:15:34.000Z","0.0","2019-09-08","2019-08-27"
"0050p000004RJO7AAO","2023-03-15T03:15:34.000Z","a000p00000C41UYAAZ","OK","a010p000004lCT6AAM","false","","0050p000004RJO7AAO","2023-03-15T03:15:34.000Z","","","TA-00101","false","0050p000004RJO7AAO","Dach, Rohan and Zboncak","Approved","2023-03-15T03:15:34.000Z","0.0","2019-03-29","2019-03-24"
"0050p000004RJO7AAO","2023-03-15T03:15:34.000Z","a000p00000C41UdAAJ","GA","a010p000004lCT7AAM","false","","0050p000004RJO7AAO","2023-03-15T03:15:34.000Z","","","TA-00102","false","0050p000004RJO7AAO","Wehner, Hegmann and Wiegand","Approved","2023-03-15T03:15:34.000Z","0.0","2019-08-27","2019-08-27"
"0050p000004RJO7AAO","2023-03-15T03:15:34.000Z","a000p00000C41UVAAZ","FL","a010p000004lCT8AAM","false","","0050p000004RJO7AAO","2023-03-15T03:15:34.000Z","","","TA-00103","false","0050p000004RJO7AAO","Koss, Maggio and Kunze","Approved","2023-03-15T03:15:34.000Z","0.0","2019-09-04","2019-09-04"
"0050p000004RJO7AAO","2023-03-15T03:15:34.000Z","a000p00000C41UXAAZ","TX","a010p000004lCT9AAM","false","","0050p000004RJO7AAO","2023-03-15T03:15:34.000Z","","","TA-00104","false","0050p000004RJO7AAO","Sipes Inc","Approved","2023-03-15T03:15:34.000Z","0.0","2019-01-30","2019-01-12"
"0050p000004RJO7AAO","2023-03-15T03:15:34.000Z","a000p00000C41UeAAJ","GA","a010p000004lCTAAA2","false","","0050p000004RJO7AAO","2023-03-15T03:15:34.000Z","","","TA-00105","false","0050p000004RJO7AAO","Welch LLC","Approved","2023-03-15T03:15:34.000Z","0.0","2019-04-15","2019-04-13"
"0050p000004RJO7AAO","2023-03-15T03:15:34.000Z","a000p00000C41UcAAJ","FL","a010p000004lCTBAA2","false","","0050p000004RJO7AAO","2023-03-15T03:15:34.000Z","","","TA-00106","false","0050p000004RJO7AAO","Moore and Sons","Approved","2023-03-15T03:15:34.000Z","0.0","2019-01-07","2019-01-03"
"0050p000004RJO7AAO","2023-03-15T03:15:34.000Z","a000p00000C41UZAAZ","GA","a010p000004lCTCAA2","false","","0050p000004RJO7AAO","2023-03-15T03:15:34.000Z","","","TA-00107","false","0050p000004RJO7AAO","Graham-Upton","Approved","2023-03-15T03:15:34.000Z","0.0","2019-04-15","2019-04-01"
"0050p000004RJO7AAO","2023-03-15T03:15:34.000Z","a000p00000C41UVAAZ","OK","a010p000004lCTDAA2","false","","0050p000004RJO7AAO","2023-03-15T03:15:34.000Z","","","TA-00108","false","0050p000004RJO7AAO","Ritchie Inc","Rejected","2023-03-15T03:15:34.000Z","0.0","2019-07-20","2019-07-08"
"0050p000004RJO7AAO","2023-03-15T03:15:34.000Z","a000p00000C41UWAAZ","FL","a010p000004lCTEAA2","false","","0050p000004RJO7AAO","2023-03-15T03:15:34.000Z","","","TA-00109","false","0050p000004RJO7AAO","O'Reilly, Franecki and Romaguera","Approved","2023-03-15T03:15:34.000Z","0.0","2019-09-18","2019-09-08"
"0050p000004RJO7AAO","2023-03-15T03:15:34.000Z","a000p00000C41UVAAZ","TX","a010p000004lCTFAA2","false","","0050p000004RJO7AAO","2023-03-15T03:15:34.000Z","","","TA-00110","false","0050p000004RJO7AAO","Skiles-Metz","Approved","2023-03-15T03:15:34.000Z","0.0","2019-12-12","2019-12-08"
"0050p000004RJO7AAO","2023-03-15T03:15:34.000Z","a000p00000C41UdAAJ","FL","a010p000004lCTGAA2","false","","0050p000004RJO7AAO","2023-03-15T03:15:34.000Z","","","TA-00111","false","0050p000004RJO7AAO","Stroman-Schneider","Approved","2023-03-15T03:15:34.000Z","0.0","2019-12-05","2019-11-27"
"0050p000004RJO7AAO","2023-03-15T03:15:34.000Z","a000p00000C41UaAAJ","TX","a010p000004lCTHAA2","false","","0050p000004RJO7AAO","2023-03-15T03:15:34.000Z","","","TA-00112","false","0050p000004RJO7AAO","Spinka-Carroll","Approved","2023-03-15T03:15:34.000Z","0.0","2019-12-27","2019-12-21"
"0050p000004RJO7AAO","2023-03-15T03:15:34.000Z","a000p00000C41UfAAJ","CA","a010p000004lCTIAA2","false","","0050p000004RJO7AAO","2023-03-15T03:15:34.000Z","","","TA-00113","false","0050p000004RJO7AAO","Nikolaus Group","Approved","2023-03-15T03:15:34.000Z","0.0","2019-03-22","2019-03-18"
"0050p000004RJO7AAO","2023-03-15T03:15:34.000Z","a000p00000C41UUAAZ","FL","a010p000004lCTJAA2","false","","0050p000004RJO7AAO","2023-03-15T03:15:34.000Z","","","TA-00114","false","0050p000004RJO7AAO","Pfeffer Inc","Approved","2023-03-15T03:15:34.000Z","0.0","2019-07-13","2019-07-13"
"0050p000004RJO7AAO","2023-03-15T03:15:34.000Z","a000p00000C41UYAAZ","OK","a010p000004lCTKAA2","false","","0050p000004RJO7AAO","2023-03-15T03:15:34.000Z","","","TA-00115","false","0050p000004RJO7AAO","Bednar, Walsh and DuBuque","Approved","2023-03-15T03:15:34.000Z","0.0","2019-07-26","2019-07-11"
"0050p000004RJO7AAO","2023-03-15T03:15:34.000Z","a000p00000C41UfAAJ","OK","a010p000004lCTLAA2","false","","0050p000004RJO7AAO","2023-03-15T03:15:34.000Z","","","TA-00116","false","0050p000004RJO7AAO","Hegmann Inc","Approved","2023-03-15T03:15:34.000Z","0.0","2019-01-15","2019-01-03"
"0050p000004RJO7AAO","2023-03-15T03:15:34.000Z","a000p00000C41UTAAZ","GA","a010p000004lCTMAA2","false","","0050p000004RJO7AAO","2023-03-15T03:15:34.000Z","","","TA-00117","false","0050p000004RJO7AAO","Flatley Group","Approved","2023-03-15T03:15:34.000Z","0.0","2019-01-30","2019-01-30"
"0050p000004RJO7AAO","2023-03-15T03:15:34.000Z","a000p00000C41UYAAZ","FL","a010p000004lCTNAA2","false","","0050p000004RJO7AAO","2023-03-15T03:15:34.000Z","","","TA-00118","false","0050p000004RJO7AAO","Beer-Mueller","Rejected","2023-03-15T03:15:34.000Z","0.0","2019-11-26","2019-11-17"
"0050p000004RJO7AAO","2023-03-15T03:15:34.000Z","a000p00000C41UhAAJ","TX","a010p000004lCTOAA2","false","","0050p000004RJO7AAO","2023-03-15T03:15:34.000Z","","","TA-00119","false","0050p000004RJO7AAO","Lowe LLC","Approved","2023-03-15T03:15:34.000Z","0.0","2019-08-30","2019-08-30"
"0050p000004RJO7AAO","2023-03-15T03:15:34.000Z","a000p00000C41USAAZ","OK","a010p000004lCTPAA2","false","","0050p000004RJO7AAO","2023-03-15T03:15:34.000Z","","","TA-00120","false","0050p000004RJO7AAO","Block-Denesik","Approved","2023-03-15T03:15:34.000Z","0.0","2019-07-09","2019-07-08"
"0050p000004RJO7AAO","2023-03-15T03:15:34.000Z","a000p00000C41UeAAJ","TX","a010p000004lCTQAA2","false","","0050p000004RJO7AAO","2023-03-15T03:15:34.000Z","","","TA-00121","false","0050p000004RJO7AAO","Jerde, Funk and Kuhn","Approved","2023-03-15T03:15:34.000Z","0.0","2019-02-11","2019-01-30"
"0050p000004RJO7AAO","2023-03-15T03:15:34.000Z","a000p00000C41UgAAJ","TX","a010p000004lCTRAA2","false","","0050p000004RJO7AAO","2023-03-15T03:15:34.000Z","","","TA-00122","false","0050p000004RJO7AAO","Zulauf Group","Approved","2023-03-15T03:15:34.000Z","0.0","2019-07-07","2019-07-01"
"0050p000004RJO7AAO","2023-03-15T03:15:34.000Z","a000p00000C41UTAAZ","GA","a010p000004lCTSAA2","false","","0050p000004RJO7AAO","2023-03-15T03:15:34.000Z","","","TA-00123","false","0050p000004RJO7AAO","Schulist-Cole","Approved","2023-03-15T03:15:34.000Z","0.0","2019-02-09","2019-02-09"
"0050p000004RJO7AAO","2023-03-15T03:15:34.000Z","a000p00000C41UaAAJ","TX","a010p000004lCTTAA2","false","","0050p000004RJO7AAO","2023-03-15T03:15:34.000Z","","","TA-00124","false","0050p000004RJO7AAO","Stracke LLC","Approved","2023-03-15T03:15:34.000Z","0.0","2019-05-15","2019-05-12"
"0050p000004RJO7AAO","2023-03-15T03:15:34.000Z","a000p00000C41UdAAJ","OK","a010p000004lCTUAA2","false","","0050p000004RJO7AAO","2023-03-15T03:15:34.000Z","","","TA-00125","false","0050p000004RJO7AAO","Thiel and Sons","Rejected","2023-03-15T03:15:34.000Z","0.0","2019-04-28","2019-04-28"
"0050p000004RJO7AAO","2023-03-15T03:15:34.000Z","a000p00000C41UUAAZ","TX","a010p000004lCTVAA2","false","","0050p000004RJO7AAO","2023-03-15T03:15:34.000Z","","","TA-00126","false","0050p000004RJO7AAO","Waters, Kuhic and Prosacco","Approved","2023-03-15T03:15:34.000Z","0.0","2019-10-14","2019-10-12"
"0050p000004RJO7AAO","2023-03-15T03:15:34.000Z","a000p00000C41UfAAJ","CA","a010p000004lCTWAA2","false","","0050p000004RJO7AAO","2023-03-15T03:15:34.000Z","","","TA-00127","false","0050p000004RJO7AAO","Sawayn-Leannon","Approved","2023-03-15T03:15:34.000Z","0.0","2019-11-09","2019-11-05"
"0050p000004RJO7AAO","2023-03-15T03:15:34.000Z","a000p00000C41UeAAJ","CA","a010p000004lCTXAA2","false","","0050p000004RJO7AAO","2023-03-15T03:15:34.000Z","","","TA-00128","false","0050p000004RJO7AAO","Runolfsdottir, Barton and Rolfson","Approved","2023-03-15T03:15:34.000Z","0.0","2019-11-15","2019-11-15"
"0050p000004RJO7AAO","2023-03-15T03:15:34.000Z","a000p00000C41UZAAZ","FL","a010p000004lCTYAA2","false","","0050p000004RJO7AAO","2023-03-15T03:15:34.000Z","","","TA-00129","false","0050p000004RJO7AAO","Ondricka-Satterfield","Approved","2023-03-15T03:15:34.000Z","0.0","2019-07-30","2019-07-27"
"0050p000004RJO7AAO","2023-03-15T03:15:34.000Z","a000p00000C41UdAAJ","CA","a010p000004lCTZAA2","false","","0050p000004RJO7AAO","2023-03-15T03:15:34.000Z","","","TA-00130","false","0050p000004RJO7AAO","Blick, Hoeger and Baumbach","Approved","2023-03-15T03:15:34.000Z","0.0","2019-12-07","2019-11-28"
"0050p000004RJO7AAO","2023-03-15T03:15:34.000Z","a000p00000C41UVAAZ","GA","a010p000004lCTaAAM","false","","0050p000004RJO7AAO","2023-03-15T03:15:34.000Z","","","TA-00131","false","0050p000004RJO7AAO","Block, Smith and Mertz","Approved","2023-03-15T03:15:34.000Z","0.0","2019-05-26","2019-05-14"
"0050p000004RJO7AAO","2023-03-15T03:15:34.000Z","a000p00000C41UUAAZ","GA","a010p000004lCTbAAM","false","","0050p000004RJO7AAO","2023-03-15T03:15:34.000Z","","","TA-00132","false","0050p000004RJO7AAO","Ankunding, Feeney and Beatty","Approved","2023-03-15T03:15:34.000Z","0.0","2019-09-19","2019-09-15"
"0050p000004RJO7AAO","2023-03-15T03:15:34.000Z","a000p00000C41UZAAZ","CA","a010p000004lCTcAAM","false","","0050p000004RJO7AAO","2023-03-15T03:15:34.000Z","","","TA-00133","false","0050p000004RJO7AAO","Bergnaum LLC","Approved","2023-03-15T03:15:34.000Z","0.0","2019-05-19","2019-05-19"
"0050p000004RJO7AAO","2023-03-15T03:15:34.000Z","a000p00000C41UWAAZ","CA","a010p000004lCTdAAM","false","","0050p000004RJO7AAO","2023-03-15T03:15:34.000Z","","","TA-00134","false","0050p000004RJO7AAO","Hodkiewicz, Gerlach and Beer","Approved","2023-03-15T03:15:34.000Z","0.0","2019-04-10","2019-04-04"
"0050p000004RJO7AAO","2023-03-15T03:15:34.000Z","a000p00000C41UYAAZ","OK","a010p000004lCTeAAM","false","","0050p000004RJO7AAO","2023-03-15T03:15:34.000Z","","","TA-00135","false","0050p000004RJO7AAO","Cartwright, Johns and Nitzsche","Approved","2023-03-15T03:15:34.000Z","0.0","2019-09-30","2019-09-24"
"0050p000004RJO7AAO","2023-03-15T03:15:34.000Z","a000p00000C41UbAAJ","GA","a010p000004lCTfAAM","false","","0050p000004RJO7AAO","2023-03-15T03:15:34.000Z","","","TA-00136","false","0050p000004RJO7AAO","D'Amore LLC","Approved","2023-03-15T03:15:34.000Z","0.0","2019-06-15","2019-06-12"
"0050p000004RJO7AAO","2023-03-15T03:15:34.000Z","a000p00000C41UZAAZ","OK","a010p000004lCTgAAM","false","","0050p000004RJO7AAO","2023-03-15T03:15:34.000Z","","","TA-00137","false","0050p000004RJO7AAO","Abbott Inc","Approved","2023-03-15T03:15:34.000Z","0.0","2019-08-19","2019-08-13"
"0050p000004RJO7AAO","2023-03-15T03:15:34.000Z","a000p00000C41UhAAJ","GA","a010p000004lCThAAM","false","","0050p000004RJO7AAO","2023-03-15T03:15:34.000Z","","","TA-00138","false","0050p000004RJO7AAO","Rogahn Group","Approved","2023-03-15T03:15:34.000Z","0.0","2019-02-04","2019-02-04"
"0050p000004RJO7AAO","2023-03-15T03:15:34.000Z","a000p00000C41UcAAJ","GA","a010p000004lCTiAAM","false","","0050p000004RJO7AAO","2023-03-15T03:15:34.000Z","","","TA-00139","false","0050p000004RJO7AAO","Lind-Cormier","Rejected","2023-03-15T03:15:34.000Z","0.0","2020-01-08","2019-12-24"
"0050p000004RJO7AAO","2023-03-15T03:15:34.000Z","a000p00000C41UUAAZ","OK","a010p000004lCTjAAM","false","","0050p000004RJO7AAO","2023-03-15T03:15:34.000Z","","","TA-00140","false","0050p000004RJO7AAO","Hackett and Sons","Approved","2023-03-15T03:15:34.000Z","0.0","2019-02-04","2019-02-01"
"0050p000004RJO7AAO","2023-03-15T03:15:34.000Z","a000p00000C41UUAAZ","TX","a010p000004lCTkAAM","false","","0050p000004RJO7AAO","2023-03-15T03:15:34.000Z","","","TA-00141","false","0050p000004RJO7AAO","Gleason Inc","Approved","2023-03-15T03:15:34.000Z","0.0","2019-10-01","2019-10-01"
"0050p000004RJO7AAO","2023-03-15T03:15:34.000Z","a000p00000C41UUAAZ","FL","a010p000004lCTlAAM","false","","0050p000004RJO7AAO","2023-03-15T03:15:34.000Z","","","TA-00142","false","0050p000004RJO7AAO","Runte LLC","Rejected","2023-03-15T03:15:34.000Z","0.0","2019-09-20","2019-09-18"
"0050p000004RJO7AAO","2023-03-15T03:15:34.000Z","a000p00000C41UWAAZ","OK","a010p000004lCTmAAM","false","","0050p000004RJO7AAO","2023-03-15T03:15:34.000Z","","","TA-00143","false","0050p000004RJO7AAO","Heaney Group","Approved","2023-03-15T03:15:34.000Z","0.0","2019-06-25","2019-06-19"
"0050p000004RJO7AAO","2023-03-15T03:15:34.000Z","a000p00000C41UdAAJ","OK","a010p000004lCTnAAM","false","","0050p000004RJO7AAO","2023-03-15T03:15:34.000Z","","","TA-00144","false","0050p000004RJO7AAO","Cassin, Nolan and Rolfson","Approved","2023-03-15T03:15:34.000Z","0.0","2019-05-15","2019-05-15"
"0050p000004RJO7AAO","2023-03-15T03:15:34.000Z","a000p00000C41UaAAJ","CA","a010p000004lCToAAM","false","","0050p000004RJO7AAO","2023-03-15T03:15:34.000Z","","","TA-00145","false","0050p000004RJO7AAO","Smitham and Sons","Approved","2023-03-15T03:15:34.000Z","0.0","2019-02-20","2019-02-10"
"0050p000004RJO7AAO","2023-03-15T03:15:34.000Z","a000p00000C41USAAZ","FL","a010p000004lCTpAAM","false","","0050p000004RJO7AAO","2023-03-15T03:15:34.000Z","","","TA-00146","false","0050p000004RJO7AAO","Hilll-Lemke","Approved","2023-03-15T03:15:34.000Z","0.0","2019-08-07","2019-08-07"
"0050p000004RJO7AAO","2023-03-15T03:15:34.000Z","a000p00000C41UaAAJ","TX","a010p000004lCTqAAM","false","","0050p000004RJO7AAO","2023-03-15T03:15:34.000Z","","","TA-00147","false","0050p000004RJO7AAO","Moore-Pfannerstill","Approved","2023-03-15T03:15:34.000Z","0.0","2019-03-11","2019-02-22"
"0050p000004RJO7AAO","2023-03-15T03:15:34.000Z","a000p00000C41UXAAZ","GA","a010p000004lCTrAAM","false","","0050p000004RJO7AAO","2023-03-15T03:15:34.000Z","","","TA-00148","false","0050p000004RJO7AAO","McKenzie-Padberg","Approved","2023-03-15T03:15:34.000Z","0.0","2019-11-14","2019-11-10"
"0050p000004RJO7AAO","2023-03-15T03:15:34.000Z","a000p00000C41UWAAZ","TX","a010p000004lCTsAAM","false","","0050p000004RJO7AAO","2023-03-15T03:15:34.000Z","","","TA-00149","false","0050p000004RJO7AAO","Considine, Pollich and Yost","Approved","2023-03-15T03:15:34.000Z","0.0","2019-11-23","2019-11-14"
"0050p000004RJO7AAO","2023-03-15T03:15:34.000Z","a000p00000C41UWAAZ","GA","a010p000004lCTtAAM","false","","0050p000004RJO7AAO","2023-03-15T03:15:34.000Z","","","TA-00150","false","0050p000004RJO7AAO","Gerlach Group","Approved","2023-03-15T03:15:34.000Z","0.0","2019-02-10","2019-02-04"
"0050p000004RJO7AAO","2023-03-15T03:15:34.000Z","a000p00000C41UaAAJ","FL","a010p000004lCTuAAM","false","","0050p000004RJO7AAO","2023-03-15T03:15:34.000Z","","","TA-00151","false","0050p000004RJO7AAO","Runte-Kertzmann","Rejected","2023-03-15T03:15:34.000Z","0.0","2019-04-15","2019-04-11"
"0050p000004RJO7AAO","2023-03-15T03:15:34.000Z","a000p00000C41UdAAJ","GA","a010p000004lCTvAAM","false","","0050p000004RJO7AAO","2023-03-15T03:15:34.000Z","","","TA-00152","false","0050p000004RJO7AAO","Vandervort-Runolfsdottir","Rejected","2023-03-15T03:15:34.000Z","0.0","2019-03-19","2019-03-13"
"0050p000004RJO7AAO","2023-03-15T03:15:34.000Z","a000p00000C41UhAAJ","GA","a010p000004lCTwAAM","false","","0050p000004RJO7AAO","2023-03-15T03:15:34.000Z","","","TA-00153","false","0050p000004RJO7AAO","Powlowski, Schaefer and Macejkovic","Approved","2023-03-15T03:15:34.000Z","0.0","2019-09-11","2019-08-27"
"0050p000004RJO7AAO","2023-03-15T03:15:34.000Z","a000p00000C41UgAAJ","TX","a010p000004lCTxAAM","false","","0050p000004RJO7AAO","2023-03-15T03:15:34.000Z","","","TA-00154","false","0050p000004RJO7AAO","Marquardt LLC","Approved","2023-03-15T03:15:34.000Z","0.0","2019-10-25","2019-10-13"
"0050p000004RJO7AAO","2023-03-15T03:15:34.000Z","a000p00000C41UfAAJ","GA","a010p000004lCTyAAM","false","","0050p000004RJO7AAO","2023-03-15T03:15:34.000Z","","","TA-00155","false","0050p000004RJO7AAO","Ondricka-Glover","Approved","2023-03-15T03:15:34.000Z","0.0","2019-07-21","2019-07-19"
"0050p000004RJO7AAO","2023-03-15T03:15:34.000Z","a000p00000C41UXAAZ","TX","a010p000004lCTzAAM","false","","0050p000004RJO7AAO","2023-03-15T03:15:34.000Z","","","TA-00156","false","0050p000004RJO7AAO","Purdy-Hyatt","Approved","2023-03-15T03:15:34.000Z","0.0","2019-12-03","2019-11-21"
"0050p000004RJO7AAO","2023-03-15T03:15:34.000Z","a000p00000C41UbAAJ","TX","a010p000004lCU0AAM","false","","0050p000004RJO7AAO","2023-03-15T03:15:34.000Z","","","TA-00157","false","0050p000004RJO7AAO","Eichmann-Blick","Rejected","2023-03-15T03:15:34.000Z","0.0","2020-01-13","2019-12-23"
"0050p000004RJO7AAO","2023-03-15T03:15:34.000Z","a000p00000C41UXAAZ","GA","a010p000004lCU1AAM","false","","0050p000004RJO7AAO","2023-03-15T03:15:34.000Z","","","TA-00158","false","0050p000004RJO7AAO","Senger-Schowalter","Approved","2023-03-15T03:15:34.000Z","0.0","2019-09-25","2019-09-21"
"0050p000004RJO7AAO","2023-03-15T03:15:34.000Z","a000p00000C41UhAAJ","TX","a010p000004lCU2AAM","false","","0050p000004RJO7AAO","2023-03-15T03:15:34.000Z","","","TA-00159","false","0050p000004RJO7AAO","King-Gottlieb","Rejected","2023-03-15T03:15:34.000Z","0.0","2019-12-05","2019-11-25"
"0050p000004RJO7AAO","2023-03-15T03:15:34.000Z","a000p00000C41UgAAJ","GA","a010p000004lCU3AAM","false","","0050p000004RJO7AAO","2023-03-15T03:15:34.000Z","","","TA-00160","false","0050p000004RJO7AAO","Ullrich Group","Rejected","2023-03-15T03:15:34.000Z","0.0","2019-03-22","2019-03-19"
"0050p000004RJO7AAO","2023-03-15T03:15:34.000Z","a000p00000C41UdAAJ","FL","a010p000004lCU4AAM","false","","0050p000004RJO7AAO","2023-03-15T03:15:34.000Z","","","TA-00161","false","0050p000004RJO7AAO","Ebert, Smitham and Bashirian","Approved","2023-03-15T03:15:34.000Z","0.0","2019-01-29","2019-01-29"
"0050p000004RJO7AAO","2023-03-15T03:15:34.000Z","a000p00000C41UcAAJ","OK","a010p000004lCU5AAM","false","","0050p000004RJO7AAO","2023-03-15T03:15:34.000Z","","","TA-00162","false","0050p000004RJO7AAO","Hane-Marvin","Approved","2023-03-15T03:15:34.000Z","0.0","2019-10-20","2019-10-14"
"0050p000004RJO7AAO","2023-03-15T03:15:34.000Z","a000p00000C41UWAAZ","GA","a010p000004lCU6AAM","false","","0050p000004RJO7AAO","2023-03-15T03:15:34.000Z","","","TA-00163","false","0050p000004RJO7AAO","Monahan Group","Approved","2023-03-15T03:15:34.000Z","0.0","2019-08-11","2019-08-04"
"0050p000004RJO7AAO","2023-03-15T03:15:34.000Z","a000p00000C41UYAAZ","FL","a010p000004lCU7AAM","false","","0050p000004RJO7AAO","2023-03-15T03:15:34.000Z","","","TA-00164","false","0050p000004RJO7AAO","Tromp-Wiza","Approved","2023-03-15T03:15:34.000Z","0.0","2019-11-01","2019-10-29"
"0050p000004RJO7AAO","2023-03-15T03:15:34.000Z","a000p00000C41UWAAZ","TX","a010p000004lCU8AAM","false","","0050p000004RJO7AAO","2023-03-15T03:15:34.000Z","","","TA-00165","false","0050p000004RJO7AAO","Koelpin and Sons","Approved","2023-03-15T03:15:34.000Z","0.0","2019-02-15","2019-02-03"
"0050p000004RJO7AAO","2023-03-15T03:15:34.000Z","a000p00000C41UaAAJ","CA","a010p000004lCU9AAM","false","","0050p000004RJO7AAO","2023-03-15T03:15:34.000Z","","","TA-00166","false","0050p000004RJO7AAO","Hackett-McKenzie","Rejected","2023-03-15T03:15:34.000Z","0.0","2020-01-03","2019-12-22"
"0050p000004RJO7AAO","2023-03-15T03:15:34.000Z","a000p00000C41UhAAJ","CA","a010p000004lCUAAA2","false","","0050p000004RJO7AAO","2023-03-15T03:15:34.000Z","","","TA-00167","false","0050p000004RJO7AAO","Wilderman-Harber","Approved","2023-03-15T03:15:34.000Z","0.0","2019-12-14","2019-12-14"
"0050p000004RJO7AAO","2023-03-15T03:15:34.000Z","a000p00000C41UhAAJ","TX","a010p000004lCUBAA2","false","","0050p000004RJO7AAO","2023-03-15T03:15:34.000Z","","","TA-00168","false","0050p000004RJO7AAO","Anderson, Berge and Schinner","Approved","2023-03-15T03:15:34.000Z","0.0","2019-09-18","2019-09-17"
"0050p000004RJO7AAO","2023-03-15T03:15:34.000Z","a000p00000C41UbAAJ","GA","a010p000004lCUCAA2","false","","0050p000004RJO7AAO","2023-03-15T03:15:34.000Z","","","TA-00169","false","0050p000004RJO7AAO","Beier, Davis and Harvey","Approved","2023-03-15T03:15:34.000Z","0.0","2019-03-08","2019-03-02"
"0050p000004RJO7AAO","2023-03-15T03:15:34.000Z","a000p00000C41UgAAJ","CA","a010p000004lCUDAA2","false","","0050p000004RJO7AAO","2023-03-15T03:15:34.000Z","","","TA-00170","false","0050p000004RJO7AAO","Kunde, Miller and Schmitt","Approved","2023-03-15T03:15:34.000Z","0.0","2019-12-31","2019-12-19"
"0050p000004RJO7AAO","2023-03-15T03:15:34.000Z","a000p00000C41UZAAZ","CA","a010p000004lCUEAA2","false","","0050p000004RJO7AAO","2023-03-15T03:15:34.000Z","","","TA-00171","false","0050p000004RJO7AAO","Jakubowski, Lockman and Homenick","Approved","2023-03-15T03:15:34.000Z","0.0","2019-02-18","2019-02-12"
"0050p000004RJO7AAO","2023-03-15T03:15:34.000Z","a000p00000C41USAAZ","FL","a010p000004lCUFAA2","false","","0050p000004RJO7AAO","2023-03-15T03:15:34.000Z","","","TA-00172","false","0050p000004RJO7AAO","Sporer-Collins","Approved","2023-03-15T03:15:34.000Z","0.0","2019-02-20","2019-02-18"
"0050p000004RJO7AAO","2023-03-15T03:15:34.000Z","a000p00000C41UYAAZ","OK","a010p000004lCUGAA2","false","","0050p000004RJO7AAO","2023-03-15T03:15:34.000Z","","","TA-00173","false","0050p000004RJO7AAO","Bartoletti, Abbott and Sanford","Approved","2023-03-15T03:15:34.000Z","0.0","2019-03-14","2019-02-28"
"0050p000004RJO7AAO","2023-03-15T03:15:34.000Z","a000p00000C41UUAAZ","TX","a010p000004lCUHAA2","false","","0050p000004RJO7AAO","2023-03-15T03:15:34.000Z","","","TA-00174","false","0050p000004RJO7AAO","Spencer-Ruecker","Approved","2023-03-15T03:15:34.000Z","0.0","2019-09-28","2019-09-24"
"0050p000004RJO7AAO","2023-03-15T03:15:34.000Z","a000p00000C41UeAAJ","FL","a010p000004lCUIAA2","false","","0050p000004RJO7AAO","2023-03-15T03:15:34.000Z","","","TA-00175","false","0050p000004RJO7AAO","Stark Inc","Rejected","2023-03-15T03:15:34.000Z","0.0","2019-06-20","2019-06-20"
"0050p000004RJO7AAO","2023-03-15T03:15:34.000Z","a000p00000C41USAAZ","OK","a010p000004lCUJAA2","false","","0050p000004RJO7AAO","2023-03-15T03:15:34.000Z","","","TA-00176","false","0050p000004RJO7AAO","Sipes, Hirthe and Hudson","Approved","2023-03-15T03:15:34.000Z","0.0","2019-11-07","2019-11-04"
"0050p000004RJO7AAO","2023-03-15T03:15:34.000Z","a000p00000C41UeAAJ","GA","a010p000004lCUKAA2","false","","0050p000004RJO7AAO","2023-03-15T03:15:34.000Z","","","TA-00177","false","0050p000004RJO7AAO","Wintheiser-Rowe","Rejected","2023-03-15T03:15:34.000Z","0.0","2019-12-15","2019-12-12"
"0050p000004RJO7AAO","2023-03-15T03:15:34.000Z","a000p00000C41UgAAJ","OK","a010p000004lCULAA2","false","","0050p000004RJO7AAO","2023-03-15T03:15:34.000Z","","","TA-00178","false","0050p000004RJO7AAO","Mitchell Group","Approved","2023-03-15T03:15:34.000Z","0.0","2019-05-23","2019-05-23"
"0050p000004RJO7AAO","2023-03-15T03:15:34.000Z","a000p00000C41UcAAJ","FL","a010p000004lCUMAA2","false","","0050p000004RJO7AAO","2023-03-15T03:15:34.000Z","","","TA-00179","false","0050p000004RJO7AAO","Hyatt-Graham","Approved","2023-03-15T03:15:34.000Z","0.0","2019-09-07","2019-09-07"
"0050p000004RJO7AAO","2023-03-15T03:15:34.000Z","a000p00000C41UhAAJ","OK","a010p000004lCUNAA2","false","","0050p000004RJO7AAO","2023-03-15T03:15:34.000Z","","","TA-00180","false","0050p000004RJO7AAO","Vandervort Group","Approved","2023-03-15T03:15:34.000Z","0.0","2019-05-14","2019-05-14"
"0050p000004RJO7AAO","2023-03-15T03:15:34.000Z","a000p00000C41UfAAJ","TX","a010p000004lCUOAA2","false","","0050p000004RJO7AAO","2023-03-15T03:15:34.000Z","","","TA-00181","false","0050p000004RJO7AAO","Fritsch and Sons","Approved","2023-03-15T03:15:34.000Z","0.0","2019-05-09","2019-05-09"
"0050p000004RJO7AAO","2023-03-15T03:15:34.000Z","a000p00000C41UgAAJ","TX","a010p000004lCUPAA2","false","","0050p000004RJO7AAO","2023-03-15T03:15:34.000Z","","","TA-00182","false","0050p000004RJO7AAO","Kling and Sons","Approved","2023-03-15T03:15:34.000Z","0.0","2019-06-08","2019-06-08"
"0050p000004RJO7AAO","2023-03-15T03:15:34.000Z","a000p00000C41UcAAJ","OK","a010p000004lCUQAA2","false","","0050p000004RJO7AAO","2023-03-15T03:15:34.000Z","","","TA-00183","false","0050p000004RJO7AAO","Medhurst-Brekke","Approved","2023-03-15T03:15:34.000Z","0.0","2019-09-04","2019-08-28"
"0050p000004RJO7AAO","2023-03-15T03:15:34.000Z","a000p00000C41UbAAJ","FL","a010p000004lCURAA2","false","","0050p000004RJO7AAO","2023-03-15T03:15:34.000Z","","","TA-00184","false","0050p000004RJO7AAO","Grant, Pfeffer and Franecki","Approved","2023-03-15T03:15:34.000Z","0.0","2019-04-14","2019-04-09"
"0050p000004RJO7AAO","2023-03-15T03:15:34.000Z","a000p00000C41UcAAJ","FL","a010p000004lCUSAA2","false","","0050p000004RJO7AAO","2023-03-15T03:15:34.000Z","","","TA-00185","false","0050p000004RJO7AAO","Mohr, Schaefer and Kautzer","Approved","2023-03-15T03:15:34.000Z","0.0","2019-02-18","2019-02-18"
"0050p000004RJO7AAO","2023-03-15T03:15:34.000Z","a000p00000C41UhAAJ","GA","a010p000004lCUTAA2","false","","0050p000004RJO7AAO","2023-03-15T03:15:34.000Z","","","TA-00186","false","0050p000004RJO7AAO","Schuster, Glover and O'Keefe","Approved","2023-03-15T03:15:34.000Z","0.0","2019-10-20","2019-10-15"
"0050p000004RJO7AAO","2023-03-15T03:15:34.000Z","a000p00000C41UaAAJ","TX","a010p000004lCUUAA2","false","","0050p000004RJO7AAO","2023-03-15T03:15:34.000Z","","","TA-00187","false","0050p000004RJO7AAO","Cruickshank, Nader and Durgan","Approved","2023-03-15T03:15:34.000Z","0.0","2019-07-22","2019-07-19"
"0050p000004RJO7AAO","2023-03-15T03:15:34.000Z","a000p00000C41UeAAJ","OK","a010p000004lCUVAA2","false","","0050p000004RJO7AAO","2023-03-15T03:15:34.000Z","","","TA-00188","false","0050p000004RJO7AAO","Schultz, Bradtke and MacGyver","Approved","2023-03-15T03:15:34.000Z","0.0","2019-09-20","2019-09-20"
"0050p000004RJO7AAO","2023-03-15T03:15:34.000Z","a000p00000C41UbAAJ","GA","a010p000004lCUWAA2","false","","0050p000004RJO7AAO","2023-03-15T03:15:34.000Z","","","TA-00189","false","0050p000004RJO7AAO","Sauer-O'Connell","Rejected","2023-03-15T03:15:34.000Z","0.0","2019-07-25","2019-07-20"
"0050p000004RJO7AAO","2023-03-15T03:15:34.000Z","a000p00000C41UZAAZ","CA","a010p000004lCUXAA2","false","","0050p000004RJO7AAO","2023-03-15T03:15:34.000Z","","","TA-00190","false","0050p000004RJO7AAO","Wunsch, Larkin and Hamill","Approved","2023-03-15T03:15:34.000Z","0.0","2019-02-25","2019-02-20"
"0050p000004RJO7AAO","2023-03-15T03:15:34.000Z","a000p00000C41UhAAJ","GA","a010p000004lCUYAA2","false","","0050p000004RJO7AAO","2023-03-15T03:15:34.000Z","","","TA-00191","false","0050p000004RJO7AAO","White and Sons","Rejected","2023-03-15T03:15:34.000Z","0.0","2019-11-04","2019-10-31"
"0050p000004RJO7AAO","2023-03-15T03:15:34.000Z","a000p00000C41UcAAJ","OK","a010p000004lCUZAA2","false","","0050p000004RJO7AAO","2023-03-15T03:15:34.000Z","","","TA-00192","false","0050p000004RJO7AAO","Witting and Sons","Approved","2023-03-15T03:15:34.000Z","0.0","2019-12-30","2019-12-24"
"0050p000004RJO7AAO","2023-03-15T03:15:34.000Z","a000p00000C41USAAZ","FL","a010p000004lCUaAAM","false","","0050p000004RJO7AAO","2023-03-15T03:15:34.000Z","","","TA-00193","false","0050p000004RJO7AAO","Wyman Group","Rejected","2023-03-15T03:15:34.000Z","0.0","2019-06-04","2019-05-31"
"0050p000004RJO7AAO","2023-03-15T03:15:34.000Z","a000p00000C41UgAAJ","OK","a010p000004lCUbAAM","false","","0050p000004RJO7AAO","2023-03-15T03:15:34.000Z","","","TA-00194","false","0050p000004RJO7AAO","Walker LLC","Approved","2023-03-15T03:15:34.000Z","0.0","2019-11-30","2019-11-24"
"0050p000004RJO7AAO","2023-03-15T03:15:34.000Z","a000p00000C41UXAAZ","TX","a010p000004lCUcAAM","false","","0050p000004RJO7AAO","2023-03-15T03:15:34.000Z","","","TA-00195","false","0050p000004RJO7AAO","Morissette, Lang and Kris","Rejected","2023-03-15T03:15:34.000Z","0.0","2019-09-15","2019-09-15"
"0050p000004RJO7AAO","2023-03-15T03:15:34.000Z","a000p00000C41UcAAJ","FL","a010p000004lCUdAAM","false","","0050p000004RJO7AAO","2023-03-15T03:15:34.000Z","","","TA-00196","false","0050p000004RJO7AAO","Mante, Rutherford and Gusikowski","Approved","2023-03-15T03:15:34.000Z","0.0","2019-09-10","2019-09-02"
"0050p000004RJO7AAO","2023-03-15T03:15:34.000Z","a000p00000C41UTAAZ","FL","a010p000004lCUeAAM","false","","0050p000004RJO7AAO","2023-03-15T03:15:34.000Z","","","TA-00197","false","0050p000004RJO7AAO","Kuphal, Reynolds and Schoen","Approved","2023-03-15T03:15:34.000Z","0.0","2019-01-29","2019-01-29"
"0050p000004RJO7AAO","2023-03-15T03:15:34.000Z","a000p00000C41UTAAZ","FL","a010p000004lCUfAAM","false","","0050p000004RJO7AAO","2023-03-15T03:15:34.000Z","","","TA-00198","false","0050p000004RJO7AAO","Lebsack-Hettinger","Approved","2023-03-15T03:15:34.000Z","0.0","2019-02-24","2019-02-20"
"0050p000004RJO7AAO","2023-03-15T03:15:34.000Z","a000p00000C41UYAAZ","FL","a010p000004lCUgAAM","false","","0050p000004RJO7AAO","2023-03-15T03:15:34.000Z","","","TA-00199","false","0050p000004RJO7AAO","Stamm, Pouros and Bechtelar","Rejected","2023-03-15T03:15:34.000Z","0.0","2019-04-21","2019-04-21"
"0050p000004RJO7AAO","2023-03-15T03:15:34.000Z","a000p00000C41UgAAJ","CA","a010p000004lCUhAAM","false","","0050p000004RJO7AAO","2023-03-15T03:15:34.000Z","","","TA-00200","false","0050p000004RJO7AAO","Ebert Group","Approved","2023-03-15T03:15:34.000Z","0.0","2019-09-01","2019-08-25"
"0050p000004RJO7AAO","2023-03-15T03:15:34.000Z","a000p00000C41USAAZ","OK","a010p000004lCUiAAM","false","","0050p000004RJO7AAO","2023-03-15T03:15:34.000Z","","","TA-00201","false","0050p000004RJO7AAO","Orn Group","Approved","2023-03-15T03:15:34.000Z","0.0","2019-07-08","2019-07-08"
"0050p000004RJO7AAO","2023-03-15T03:15:35.000Z","a000p00000C41UeAAJ","GA","a010p000004lCUjAAM","false","","0050p000004RJO7AAO","2023-03-15T03:15:35.000Z","","","TA-00202","false","0050p000004RJO7AAO","Hand Group","Approved","2023-03-15T03:15:35.000Z","0.0","2019-05-26","2019-05-17"
"0050p000004RJO7AAO","2023-03-15T03:15:35.000Z","a000p00000C41UgAAJ","CA","a010p000004lCUkAAM","false","","0050p000004RJO7AAO","2023-03-15T03:15:35.000Z","","","TA-00203","false","0050p000004RJO7AAO","Stokes-Lind","Approved","2023-03-15T03:15:35.000Z","0.0","2019-08-10","2019-08-07"
"0050p000004RJO7AAO","2023-03-15T03:15:35.000Z","a000p00000C41UYAAZ","GA","a010p000004lCUlAAM","false","","0050p000004RJO7AAO","2023-03-15T03:15:35.000Z","","","TA-00204","false","0050p000004RJO7AAO","Willms-Mosciski","Approved","2023-03-15T03:15:35.000Z","0.0","2019-03-06","2019-02-23"
"0050p000004RJO7AAO","2023-03-15T03:15:35.000Z","a000p00000C41UUAAZ","TX","a010p000004lCUmAAM","false","","0050p000004RJO7AAO","2023-03-15T03:15:35.000Z","","","TA-00205","false","0050p000004RJO7AAO","Wehner, Wilkinson and Gulgowski","Rejected","2023-03-15T03:15:35.000Z","0.0","2019-12-06","2019-12-05"
"0050p000004RJO7AAO","2023-03-15T03:15:35.000Z","a000p00000C41USAAZ","CA","a010p000004lCUnAAM","false","","0050p000004RJO7AAO","2023-03-15T03:15:35.000Z","","","TA-00206","false","0050p000004RJO7AAO","Olson-Schmidt","Rejected","2023-03-15T03:15:35.000Z","0.0","2019-11-28","2019-11-22"
"0050p000004RJO7AAO","2023-03-15T03:15:35.000Z","a000p00000C41UgAAJ","TX","a010p000004lCUoAAM","false","","0050p000004RJO7AAO","2023-03-15T03:15:35.000Z","","","TA-00207","false","0050p000004RJO7AAO","Walsh, Johnston and Ondricka","Approved","2023-03-15T03:15:35.000Z","0.0","2019-09-19","2019-09-10"
"0050p000004RJO7AAO","2023-03-15T03:15:35.000Z","a000p00000C41UUAAZ","CA","a010p000004lCUpAAM","false","","0050p000004RJO7AAO","2023-03-15T03:15:35.000Z","","","TA-00208","false","0050p000004RJO7AAO","Hintz and Sons","Approved","2023-03-15T03:15:35.000Z","0.0","2019-09-21","2019-09-21"
"0050p000004RJO7AAO","2023-03-15T03:15:35.000Z","a000p00000C41UVAAZ","CA","a010p000004lCUqAAM","false","","0050p000004RJO7AAO","2023-03-15T03:15:35.000Z","","","TA-00209","false","0050p000004RJO7AAO","Brown Inc","Rejected","2023-03-15T03:15:35.000Z","0.0","2019-08-02","2019-07-15"
"0050p000004RJO7AAO","2023-03-15T03:15:35.000Z","a000p00000C41UhAAJ","GA","a010p000004lCUrAAM","false","","0050p000004RJO7AAO","2023-03-15T03:15:35.000Z","","","TA-00210","false","0050p000004RJO7AAO","Ondricka LLC","Approved","2023-03-15T03:15:35.000Z","0.0","2019-01-30","2019-01-18"
"0050p000004RJO7AAO","2023-03-15T03:15:35.000Z","a000p00000C41UYAAZ","TX","a010p000004lCUsAAM","false","","0050p000004RJO7AAO","2023-03-15T03:15:35.000Z","","","TA-00211","false","0050p000004RJO7AAO","Marks, Batz and Jacobi","Approved","2023-03-15T03:15:35.000Z","0.0","2019-04-15","2019-04-14"
"0050p000004RJO7AAO","2023-03-15T03:15:35.000Z","a000p00000C41UeAAJ","FL","a010p000004lCUtAAM","false","","0050p000004RJO7AAO","2023-03-15T03:15:35.000Z","","","TA-00212","false","0050p000004RJO7AAO","Schuster, Schmidt and Zieme","Approved","2023-03-15T03:15:35.000Z","0.0","2019-01-28","2019-01-21"
"0050p000004RJO7AAO","2023-03-15T03:15:35.000Z","a000p00000C41UWAAZ","TX","a010p000004lCUuAAM","false","","0050p000004RJO7AAO","2023-03-15T03:15:35.000Z","","","TA-00213","false","0050p000004RJO7AAO","Hodkiewicz, Brown and Frami","Approved","2023-03-15T03:15:35.000Z","0.0","2019-08-09","2019-08-07"
"0050p000004RJO7AAO","2023-03-15T03:15:35.000Z","a000p00000C41UcAAJ","CA","a010p000004lCUvAAM","false","","0050p000004RJO7AAO","2023-03-15T03:15:35.000Z","","","TA-00214","false","0050p000004RJO7AAO","Marquardt, Effertz and Funk","Rejected","2023-03-15T03:15:35.000Z","0.0","2019-06-22","2019-06-08"
"0050p000004RJO7AAO","2023-03-15T03:15:35.000Z","a000p00000C41UhAAJ","OK","a010p000004lCUwAAM","false","","0050p000004RJO7AAO","2023-03-15T03:15:35.000Z","","","TA-00215","false","0050p000004RJO7AAO","Kozey, Adams and Bauch","Rejected","2023-03-15T03:15:35.000Z","0.0","2019-01-04","2019-01-04"
"0050p000004RJO7AAO","2023-03-15T03:15:35.000Z","a000p00000C41UVAAZ","FL","a010p000004lCUxAAM","false","","0050p000004RJO7AAO","2023-03-15T03:15:35.000Z","","","TA-00216","false","0050p000004RJO7AAO","Buckridge-Walsh","Rejected","2023-03-15T03:15:35.000Z","0.0","2019-11-30","2019-11-28"
"0050p000004RJO7AAO","2023-03-15T03:15:35.000Z","a000p00000C41UWAAZ","OK","a010p000004lCUyAAM","false","","0050p000004RJO7AAO","2023-03-15T03:15:35.000Z","","","TA-00217","false","0050p000004RJO7AAO","Hilpert and Sons","Rejected","2023-03-15T03:15:35.000Z","0.0","2019-10-15","2019-10-15"
"0050p000004RJO7AAO","2023-03-15T03:15:35.000Z","a000p00000C41UaAAJ","TX","a010p000004lCUzAAM","false","","0050p000004RJO7AAO","2023-03-15T03:15:35.000Z","","","TA-00218","false","0050p000004RJO7AAO","Cronin LLC","Approved","2023-03-15T03:15:35.000Z","0.0","2019-12-25","2019-12-21"
"0050p000004RJO7AAO","2023-03-15T03:15:35.000Z","a000p00000C41UbAAJ","TX","a010p000004lCV0AAM","false","","0050p000004RJO7AAO","2023-03-15T03:15:35.000Z","","","TA-00219","false","0050p000004RJO7AAO","Klein-Conroy","Rejected","2023-03-15T03:15:35.000Z","0.0","2019-07-14","2019-07-07"
"0050p000004RJO7AAO","2023-03-15T03:15:35.000Z","a000p00000C41UWAAZ","CA","a010p000004lCV1AAM","false","","0050p000004RJO7AAO","2023-03-15T03:15:35.000Z","","","TA-00220","false","0050p000004RJO7AAO","Weissnat, Kub and Gulgowski","Approved","2023-03-15T03:15:35.000Z","0.0","2019-06-30","2019-06-21"
"0050p000004RJO7AAO","2023-03-15T03:15:35.000Z","a000p00000C41UWAAZ","CA","a010p000004lCV2AAM","false","","0050p000004RJO7AAO","2023-03-15T03:15:35.000Z","","","TA-00221","false","0050p000004RJO7AAO","Boehm and Sons","Approved","2023-03-15T03:15:35.000Z","0.0","2019-04-21","2019-04-09"
"0050p000004RJO7AAO","2023-03-15T03:15:35.000Z","a000p00000C41UbAAJ","GA","a010p000004lCV3AAM","false","","0050p000004RJO7AAO","2023-03-15T03:15:35.000Z","","","TA-00222","false","0050p000004RJO7AAO","Parker, Gutmann and Kautzer","Approved","2023-03-15T03:15:35.000Z","0.0","2019-12-09","2019-11-24"
"0050p000004RJO7AAO","2023-03-15T03:15:35.000Z","a000p00000C41UfAAJ","CA","a010p000004lCV4AAM","false","","0050p000004RJO7AAO","2023-03-15T03:15:35.000Z","","","TA-00223","false","0050p000004RJO7AAO","Ruecker, Johns and McCullough","Approved","2023-03-15T03:15:35.000Z","0.0","2019-06-08","2019-05-30"
"0050p000004RJO7AAO","2023-03-15T03:15:35.000Z","a000p00000C41UgAAJ","OK","a010p000004lCV5AAM","false","","0050p000004RJO7AAO","2023-03-15T03:15:35.000Z","","","TA-00224","false","0050p000004RJO7AAO","Konopelski-Bogan","Approved","2023-03-15T03:15:35.000Z","0.0","2019-07-10","2019-07-10"
"0050p000004RJO7AAO","2023-03-15T03:15:35.000Z","a000p00000C41UZAAZ","FL","a010p000004lCV6AAM","false","","0050p000004RJO7AAO","2023-03-15T03:15:35.000Z","","","TA-00225","false","0050p000004RJO7AAO","Kihn Inc","Approved","2023-03-15T03:15:35.000Z","0.0","2019-11-20","2019-11-20"
"0050p000004RJO7AAO","2023-03-15T03:15:35.000Z","a000p00000C41UdAAJ","TX","a010p000004lCV7AAM","false","","0050p000004RJO7AAO","2023-03-15T03:15:35.000Z","","","TA-00226","false","0050p000004RJO7AAO","Veum, Lindgren and Berge","Approved","2023-03-15T03:15:35.000Z","0.0","2019-05-02","2019-04-28"
"0050p000004RJO7AAO","2023-03-15T03:15:35.000Z","a000p00000C41UVAAZ","FL","a010p000004lCV8AAM","false","","0050p000004RJO7AAO","2023-03-15T03:15:35.000Z","","","TA-00227","false","0050p000004RJO7AAO","Reichert, Connelly and Davis","Approved","2023-03-15T03:15:35.000Z","0.0","2019-12-27","2019-12-27"
"0050p000004RJO7AAO","2023-03-15T03:15:35.000Z","a000p00000C41UUAAZ","CA","a010p000004lCV9AAM","false","","0050p000004RJO7AAO","2023-03-15T03:15:35.000Z","","","TA-00228","false","0050p000004RJO7AAO","Gutmann-Rohan","Rejected","2023-03-15T03:15:35.000Z","0.0","2019-06-12","2019-06-09"
"0050p000004RJO7AAO","2023-03-15T03:15:35.000Z","a000p00000C41UfAAJ","TX","a010p000004lCVAAA2","false","","0050p000004RJO7AAO","2023-03-15T03:15:35.000Z","","","TA-00229","false","0050p000004RJO7AAO","Smitham, Considine and Smitham","Approved","2023-03-15T03:15:35.000Z","0.0","2019-05-14","2019-05-02"
"0050p000004RJO7AAO","2023-03-15T03:15:35.000Z","a000p00000C41USAAZ","FL","a010p000004lCVBAA2","false","","0050p000004RJO7AAO","2023-03-15T03:15:35.000Z","","","TA-00230","false","0050p000004RJO7AAO","Renner Group","Approved","2023-03-15T03:15:35.000Z","0.0","2019-04-15","2019-04-15"
"0050p000004RJO7AAO","2023-03-15T03:15:35.000Z","a000p00000C41UeAAJ","GA","a010p000004lCVCAA2","false","","0050p000004RJO7AAO","2023-03-15T03:15:35.000Z","","","TA-00231","false","0050p000004RJO7AAO","Collins-Farrell","Rejected","2023-03-15T03:15:35.000Z","0.0","2019-02-23","2019-02-23"
"0050p000004RJO7AAO","2023-03-15T03:15:35.000Z","a000p00000C41UfAAJ","CA","a010p000004lCVDAA2","false","","0050p000004RJO7AAO","2023-03-15T03:15:35.000Z","","","TA-00232","false","0050p000004RJO7AAO","Hoppe, Kunze and Kihn","Approved","2023-03-15T03:15:35.000Z","0.0","2019-02-25","2019-02-07"
"0050p000004RJO7AAO","2023-03-15T03:15:35.000Z","a000p00000C41UXAAZ","CA","a010p000004lCVEAA2","false","","0050p000004RJO7AAO","2023-03-15T03:15:35.000Z","","","TA-00233","false","0050p000004RJO7AAO","Ledner LLC","Approved","2023-03-15T03:15:35.000Z","0.0","2020-01-01","2019-12-30"
"0050p000004RJO7AAO","2023-03-15T03:15:35.000Z","a000p00000C41UWAAZ","TX","a010p000004lCVFAA2","false","","0050p000004RJO7AAO","2023-03-15T03:15:35.000Z","","","TA-00234","false","0050p000004RJO7AAO","Dibbert, Zemlak and Williamson","Approved","2023-03-15T03:15:35.000Z","0.0","2019-11-07","2019-11-04"
"0050p000004RJO7AAO","2023-03-15T03:15:35.000Z","a000p00000C41UhAAJ","GA","a010p000004lCVGAA2","false","","0050p000004RJO7AAO","2023-03-15T03:15:35.000Z","","","TA-00235","false","0050p000004RJO7AAO","Ward-Swift","Approved","2023-03-15T03:15:35.000Z","0.0","2019-03-05","2019-03-03"
"0050p000004RJO7AAO","2023-03-15T03:15:35.000Z","a000p00000C41UXAAZ","OK","a010p000004lCVHAA2","false","","0050p000004RJO7AAO","2023-03-15T03:15:35.000Z","","","TA-00236","false","0050p000004RJO7AAO","Hintz LLC","Approved","2023-03-15T03:15:35.000Z","0.0","2019-02-28","2019-02-28"
"0050p000004RJO7AAO","2023-03-15T03:15:35.000Z","a000p00000C41UYAAZ","FL","a010p000004lCVIAA2","false","","0050p000004RJO7AAO","2023-03-15T03:15:35.000Z","","","TA-00237","false","0050p000004RJO7AAO","Schneider-Simonis","Approved","2023-03-15T03:15:35.000Z","0.0","2019-09-28","2019-09-26"
"0050p000004RJO7AAO","2023-03-15T03:15:35.000Z","a000p00000C41UcAAJ","TX","a010p000004lCVJAA2","false","","0050p000004RJO7AAO","2023-03-15T03:15:35.000Z","","","TA-00238","false","0050p000004RJO7AAO","Gerlach and Sons","Approved","2023-03-15T03:15:35.000Z","0.0","2019-01-22","2019-01-22"
"0050p000004RJO7AAO","2023-03-15T03:15:35.000Z","a000p00000C41UXAAZ","OK","a010p000004lCVKAA2","false","","0050p000004RJO7AAO","2023-03-15T03:15:35.000Z","","","TA-00239","false","0050p000004RJO7AAO","Willms, Fay and Hahn","Rejected","2023-03-15T03:15:35.000Z","0.0","2019-12-20","2019-12-20"
"0050p000004RJO7AAO","2023-03-15T03:15:35.000Z","a000p00000C41UhAAJ","OK","a010p000004lCVLAA2","false","","0050p000004RJO7AAO","2023-03-15T03:15:35.000Z","","","TA-00240","false","0050p000004RJO7AAO","Morissette Group","Approved","2023-03-15T03:15:35.000Z","0.0","2019-09-12","2019-09-02"
"0050p000004RJO7AAO","2023-03-15T03:15:35.000Z","a000p00000C41UZAAZ","OK","a010p000004lCVMAA2","false","","0050p000004RJO7AAO","2023-03-15T03:15:35.000Z","","","TA-00241","false","0050p000004RJO7AAO","O'Reilly LLC","Approved","2023-03-15T03:15:35.000Z","0.0","2019-10-05","2019-10-04"
"0050p000004RJO7AAO","2023-03-15T03:15:35.000Z","a000p00000C41UTAAZ","CA","a010p000004lCVNAA2","false","","0050p000004RJO7AAO","2023-03-15T03:15:35.000Z","","","TA-00242","false","0050p000004RJO7AAO","Gislason-Williamson","Approved","2023-03-15T03:15:35.000Z","0.0","2019-04-02","2019-03-31"
"0050p000004RJO7AAO","2023-03-15T03:15:35.000Z","a000p00000C41UUAAZ","TX","a010p000004lCVOAA2","false","","0050p000004RJO7AAO","2023-03-15T03:15:35.000Z","","","TA-00243","false","0050p000004RJO7AAO","Weber, Russel and Christiansen","Approved","2023-03-15T03:15:35.000Z","0.0","2019-08-27","2019-08-09"
"0050p000004RJO7AAO","2023-03-15T03:15:35.000Z","a000p00000C41UaAAJ","GA","a010p000004lCVPAA2","false","","0050p000004RJO7AAO","2023-03-15T03:15:35.000Z","","","TA-00244","false","0050p000004RJO7AAO","Pouros-Gorczany","Approved","2023-03-15T03:15:35.000Z","0.0","2019-11-04","2019-11-04"
"0050p000004RJO7AAO","2023-03-15T03:15:35.000Z","a000p00000C41UcAAJ","GA","a010p000004lCVQAA2","false","","0050p000004RJO7AAO","2023-03-15T03:15:35.000Z","","","TA-00245","false","0050p000004RJO7AAO","Walsh LLC","Approved","2023-03-15T03:15:35.000Z","0.0","2019-12-22","2019-12-04"
"0050p000004RJO7AAO","2023-03-15T03:15:35.000Z","a000p00000C41UeAAJ","GA","a010p000004lCVRAA2","false","","0050p000004RJO7AAO","2023-03-15T03:15:35.000Z","","","TA-00246","false","0050p000004RJO7AAO","Kuvalis Inc","Rejected","2023-03-15T03:15:35.000Z","0.0","2019-11-11","2019-11-04"
"0050p000004RJO7AAO","2023-03-15T03:15:35.000Z","a000p00000C41UaAAJ","TX","a010p000004lCVSAA2","false","","0050p000004RJO7AAO","2023-03-15T03:15:35.000Z","","","TA-00247","false","0050p000004RJO7AAO","Grimes, McClure and Gleichner","Approved","2023-03-15T03:15:35.000Z","0.0","2019-10-20","2019-10-17"
"0050p000004RJO7AAO","2023-03-15T03:15:35.000Z","a000p00000C41UcAAJ","FL","a010p000004lCVTAA2","false","","0050p000004RJO7AAO","2023-03-15T03:15:35.000Z","","","TA-00248","false","0050p000004RJO7AAO","Mayer, Stehr and Daugherty","Approved","2023-03-15T03:15:35.000Z","0.0","2019-11-20","2019-11-17"
"0050p000004RJO7AAO","2023-03-15T03:15:35.000Z","a000p00000C41UZAAZ","CA","a010p000004lCVUAA2","false","","0050p000004RJO7AAO","2023-03-15T03:15:35.000Z","","","TA-00249","false","0050p000004RJO7AAO","Ruecker, Krajcik and Morar","Approved","2023-03-15T03:15:35.000Z","0.0","2019-04-26","2019-04-26"
"0050p000004RJO7AAO","2023-03-15T03:15:35.000Z","a000p00000C41UVAAZ","TX","a010p000004lCVVAA2","false","","0050p000004RJO7AAO","2023-03-15T03:15:35.000Z","","","TA-00250","false","0050p000004RJO7AAO","Koepp, Ziemann and Balistreri","Approved","2023-03-15T03:15:35.000Z","0.0","2019-01-14","2019-01-14"
"0050p000004RJO7AAO","2023-03-15T03:15:35.000Z","a000p00000C41UeAAJ","FL","a010p000004lCVWAA2","false","","0050p000004RJO7AAO","2023-03-15T03:15:35.000Z","","","TA-00251","false","0050p000004RJO7AAO","Borer-Hettinger","Approved","2023-03-15T03:15:35.000Z","0.0","2019-12-02","2019-12-02"
"0050p000004RJO7AAO","2023-03-15T03:15:35.000Z","a000p00000C41UaAAJ","FL","a010p000004lCVXAA2","false","","0050p000004RJO7AAO","2023-03-15T03:15:35.000Z","","","TA-00252","false","0050p000004RJO7AAO","Nicolas LLC","Approved","2023-03-15T03:15:35.000Z","0.0","2019-02-26","2019-02-26"
"0050p000004RJO7AAO","2023-03-15T03:15:35.000Z","a000p00000C41UfAAJ","TX","a010p000004lCVYAA2","false","","0050p000004RJO7AAO","2023-03-15T03:15:35.000Z","","","TA-00253","false","0050p000004RJO7AAO","Turner Group","Approved","2023-03-15T03:15:35.000Z","0.0","2019-08-18","2019-07-31"
"0050p000004RJO7AAO","2023-03-15T03:15:35.000Z","a000p00000C41UeAAJ","CA","a010p000004lCVZAA2","false","","0050p000004RJO7AAO","2023-03-15T03:15:35.000Z","","","TA-00254","false","0050p000004RJO7AAO","Farrell, Tremblay and Mills","Rejected","2023-03-15T03:15:35.000Z","0.0","2019-03-29","2019-03-17"
"0050p000004RJO7AAO","2023-03-15T03:15:35.000Z","a000p00000C41UbAAJ","FL","a010p000004lCVaAAM","false","","0050p000004RJO7AAO","2023-03-15T03:15:35.000Z","","","TA-00255","false","0050p000004RJO7AAO","Murazik, Hoeger and Bode","Approved","2023-03-15T03:15:35.000Z","0.0","2019-11-03","2019-10-22"
"0050p000004RJO7AAO","2023-03-15T03:15:35.000Z","a000p00000C41UfAAJ","GA","a010p000004lCVbAAM","false","","0050p000004RJO7AAO","2023-03-15T03:15:35.000Z","","","TA-00256","false","0050p000004RJO7AAO","Parisian, McGlynn and Gibson","Approved","2023-03-15T03:15:35.000Z","0.0","2020-01-05","2019-12-24"
"0050p000004RJO7AAO","2023-03-15T03:15:35.000Z","a000p00000C41UgAAJ","TX","a010p000004lCVcAAM","false","","0050p000004RJO7AAO","2023-03-15T03:15:35.000Z","","","TA-00257","false","0050p000004RJO7AAO","Russel Inc","Rejected","2023-03-15T03:15:35.000Z","0.0","2019-10-03","2019-10-03"
"0050p000004RJO7AAO","2023-03-15T03:15:35.000Z","a000p00000C41UVAAZ","OK","a010p000004lCW6AAM","false","","0050p000004RJO7AAO","2023-03-15T03:15:35.000Z","","","TA-00287","false","0050p000004RJO7AAO","Kunde, Roberts and Welch","Approved","2023-03-15T03:15:35.000Z","0.0","2019-03-18","2019-03-13"
"0050p000004RJO7AAO","2023-03-15T03:15:35.000Z","a000p00000C41UdAAJ","OK","a010p000004lCW7AAM","false","","0050p000004RJO7AAO","2023-03-15T03:15:35.000Z","","","TA-00288","false","0050p000004RJO7AAO","Kautzer, Beatty and Schneider","Approved","2023-03-15T03:15:35.000Z","0.0","2019-12-15","2019-12-03"
"0050p000004RJO7AAO","2023-03-15T03:15:35.000Z","a000p00000C41UTAAZ","FL","a010p000004lCW8AAM","false","","0050p000004RJO7AAO","2023-03-15T03:15:35.000Z","","","TA-00289","false","0050p000004RJO7AAO","Cruickshank, McClure and Wisoky","Approved","2023-03-15T03:15:35.000Z","0.0","2019-05-05","2019-04-14"
"0050p000004RJO7AAO","2023-03-15T03:15:35.000Z","a000p00000C41UXAAZ","TX","a010p000004lCVdAAM","false","","0050p000004RJO7AAO","2023-03-15T03:15:35.000Z","","","TA-00258","false","0050p000004RJO7AAO","Considine-Considine","Approved","2023-03-15T03:15:35.000Z","0.0","2019-10-18","2019-10-10"
"0050p000004RJO7AAO","2023-03-15T03:15:35.000Z","a000p00000C41UTAAZ","TX","a010p000004lCVeAAM","false","","0050p000004RJO7AAO","2023-03-15T03:15:35.000Z","","","TA-00259","false","0050p000004RJO7AAO","Block and Sons","Approved","2023-03-15T03:15:35.000Z","0.0","2019-01-18","2019-01-18"
"0050p000004RJO7AAO","2023-03-15T03:15:35.000Z","a000p00000C41UUAAZ","GA","a010p000004lCVfAAM","false","","0050p000004RJO7AAO","2023-03-15T03:15:35.000Z","","","TA-00260","false","0050p000004RJO7AAO","Berge Inc","Approved","2023-03-15T03:15:35.000Z","0.0","2019-07-21","2019-07-21"
"0050p000004RJO7AAO","2023-03-15T03:15:35.000Z","a000p00000C41UgAAJ","TX","a010p000004lCVgAAM","false","","0050p000004RJO7AAO","2023-03-15T03:15:35.000Z","","","TA-00261","false","0050p000004RJO7AAO","Yost Inc","Approved","2023-03-15T03:15:35.000Z","0.0","2019-07-31","2019-07-29"
"0050p000004RJO7AAO","2023-03-15T03:15:35.000Z","a000p00000C41UfAAJ","TX","a010p000004lCVhAAM","false","","0050p000004RJO7AAO","2023-03-15T03:15:35.000Z","","","TA-00262","false","0050p000004RJO7AAO","Beer and Sons","Approved","2023-03-15T03:15:35.000Z","0.0","2019-08-05","2019-08-05"
"0050p000004RJO7AAO","2023-03-15T03:15:35.000Z","a000p00000C41UeAAJ","FL","a010p000004lCViAAM","false","","0050p000004RJO7AAO","2023-03-15T03:15:35.000Z","","","TA-00263","false","0050p000004RJO7AAO","Grady, Crooks and Lakin","Rejected","2023-03-15T03:15:35.000Z","0.0","2019-11-05","2019-11-03"
"0050p000004RJO7AAO","2023-03-15T03:15:35.000Z","a000p00000C41UTAAZ","TX","a010p000004lCVjAAM","false","","0050p000004RJO7AAO","2023-03-15T03:15:35.000Z","","","TA-00264","false","0050p000004RJO7AAO","Baumbach, Legros and Wisoky","Approved","2023-03-15T03:15:35.000Z","0.0","2019-07-04","2019-07-04"
"0050p000004RJO7AAO","2023-03-15T03:15:35.000Z","a000p00000C41UWAAZ","GA","a010p000004lCVkAAM","false","","0050p000004RJO7AAO","2023-03-15T03:15:35.000Z","","","TA-00265","false","0050p000004RJO7AAO","Paucek, Brekke and Strosin","Approved","2023-03-15T03:15:35.000Z","0.0","2019-03-21","2019-03-12"
"0050p000004RJO7AAO","2023-03-15T03:15:35.000Z","a000p00000C41UfAAJ","GA","a010p000004lCVlAAM","false","","0050p000004RJO7AAO","2023-03-15T03:15:35.000Z","","","TA-00266","false","0050p000004RJO7AAO","Ullrich-Sanford","Approved","2023-03-15T03:15:35.000Z","0.0","2019-05-15","2019-05-09"
"0050p000004RJO7AAO","2023-03-15T03:15:35.000Z","a000p00000C41UTAAZ","CA","a010p000004lCVmAAM","false","","0050p000004RJO7AAO","2023-03-15T03:15:35.000Z","","","TA-00267","false","0050p000004RJO7AAO","Kihn-Kilback","Approved","2023-03-15T03:15:35.000Z","0.0","2019-07-08","2019-07-05"
"0050p000004RJO7AAO","2023-03-15T03:15:35.000Z","a000p00000C41UTAAZ","TX","a010p000004lCVnAAM","false","","0050p000004RJO7AAO","2023-03-15T03:15:35.000Z","","","TA-00268","false","0050p000004RJO7AAO","Hilll-Roob","Rejected","2023-03-15T03:15:35.000Z","0.0","2019-10-20","2019-10-17"
"0050p000004RJO7AAO","2023-03-15T03:15:35.000Z","a000p00000C41UfAAJ","CA","a010p000004lCVoAAM","false","","0050p000004RJO7AAO","2023-03-15T03:15:35.000Z","","","TA-00269","false","0050p000004RJO7AAO","Walker-Sporer","Approved","2023-03-15T03:15:35.000Z","0.0","2020-01-03","2019-12-13"
"0050p000004RJO7AAO","2023-03-15T03:15:35.000Z","a000p00000C41UcAAJ","TX","a010p000004lCVpAAM","false","","0050p000004RJO7AAO","2023-03-15T03:15:35.000Z","","","TA-00270","false","0050p000004RJO7AAO","Rutherford, Glover and Gerhold","Rejected","2023-03-15T03:15:35.000Z","0.0","2019-02-11","2019-02-11"
"0050p000004RJO7AAO","2023-03-15T03:15:35.000Z","a000p00000C41UhAAJ","CA","a010p000004lCVqAAM","false","","0050p000004RJO7AAO","2023-03-15T03:15:35.000Z","","","TA-00271","false","0050p000004RJO7AAO","Turner, O'Hara and Maggio","Approved","2023-03-15T03:15:35.000Z","0.0","2019-02-04","2019-02-02"
"0050p000004RJO7AAO","2023-03-15T03:15:35.000Z","a000p00000C41UbAAJ","TX","a010p000004lCVrAAM","false","","0050p000004RJO7AAO","2023-03-15T03:15:35.000Z","","","TA-00272","false","0050p000004RJO7AAO","Huel, Torphy and Lowe","Approved","2023-03-15T03:15:35.000Z","0.0","2019-04-20","2019-03-27"
"0050p000004RJO7AAO","2023-03-15T03:15:35.000Z","a000p00000C41UTAAZ","TX","a010p000004lCVsAAM","false","","0050p000004RJO7AAO","2023-03-15T03:15:35.000Z","","","TA-00273","false","0050p000004RJO7AAO","Kemmer, Kuhic and Windler","Approved","2023-03-15T03:15:35.000Z","0.0","2019-04-04","2019-04-04"
"0050p000004RJO7AAO","2023-03-15T03:15:35.000Z","a000p00000C41UbAAJ","OK","a010p000004lCVtAAM","false","","0050p000004RJO7AAO","2023-03-15T03:15:35.000Z","","","TA-00274","false","0050p000004RJO7AAO","Conroy, Cormier and Wilderman","Approved","2023-03-15T03:15:35.000Z","0.0","2019-03-05","2019-02-25"
"0050p000004RJO7AAO","2023-03-15T03:15:35.000Z","a000p00000C41UaAAJ","GA","a010p000004lCVuAAM","false","","0050p000004RJO7AAO","2023-03-15T03:15:35.000Z","","","TA-00275","false","0050p000004RJO7AAO","Hickle, Champlin and Heathcote","Approved","2023-03-15T03:15:35.000Z","0.0","2019-04-04","2019-03-25"
"0050p000004RJO7AAO","2023-03-15T03:15:35.000Z","a000p00000C41UeAAJ","CA","a010p000004lCVvAAM","false","","0050p000004RJO7AAO","2023-03-15T03:15:35.000Z","","","TA-00276","false","0050p000004RJO7AAO","Beer, Eichmann and Grimes","Approved","2023-03-15T03:15:35.000Z","0.0","2019-05-24","2019-05-06"
"0050p000004RJO7AAO","2023-03-15T03:15:35.000Z","a000p00000C41UWAAZ","GA","a010p000004lCVwAAM","false","","0050p000004RJO7AAO","2023-03-15T03:15:35.000Z","","","TA-00277","false","0050p000004RJO7AAO","Monahan, Daniel and Reilly","Approved","2023-03-15T03:15:35.000Z","0.0","2019-11-26","2019-11-14"
"0050p000004RJO7AAO","2023-03-15T03:15:35.000Z","a000p00000C41UUAAZ","CA","a010p000004lCVxAAM","false","","0050p000004RJO7AAO","2023-03-15T03:15:35.000Z","","","TA-00278","false","0050p000004RJO7AAO","Fisher, Leannon and Weissnat","Rejected","2023-03-15T03:15:35.000Z","0.0","2019-11-02","2019-10-21"
"0050p000004RJO7AAO","2023-03-15T03:15:35.000Z","a000p00000C41UdAAJ","TX","a010p000004lCVyAAM","false","","0050p000004RJO7AAO","2023-03-15T03:15:35.000Z","","","TA-00279","false","0050p000004RJO7AAO","Cruickshank-Hoeger","Approved","2023-03-15T03:15:35.000Z","0.0","2019-03-30","2019-03-22"
"0050p000004RJO7AAO","2023-03-15T03:15:35.000Z","a000p00000C41UZAAZ","FL","a010p000004lCVzAAM","false","","0050p000004RJO7AAO","2023-03-15T03:15:35.000Z","","","TA-00280","false","0050p000004RJO7AAO","Blanda Group","Approved","2023-03-15T03:15:35.000Z","0.0","2019-08-28","2019-08-18"
"0050p000004RJO7AAO","2023-03-15T03:15:35.000Z","a000p00000C41UTAAZ","FL","a010p000004lCW0AAM","false","","0050p000004RJO7AAO","2023-03-15T03:15:35.000Z","","","TA-00281","false","0050p000004RJO7AAO","Crist, Emmerich and Mertz","Approved","2023-03-15T03:15:35.000Z","0.0","2019-06-23","2019-06-20"
"0050p000004RJO7AAO","2023-03-15T03:15:35.000Z","a000p00000C41UXAAZ","CA","a010p000004lCW1AAM","false","","0050p000004RJO7AAO","2023-03-15T03:15:35.000Z","","","TA-00282","false","0050p000004RJO7AAO","Nicolas, Aufderhar and Deckow","Approved","2023-03-15T03:15:35.000Z","0.0","2019-12-28","2019-12-10"
"0050p000004RJO7AAO","2023-03-15T03:15:35.000Z","a000p00000C41UYAAZ","FL","a010p000004lCW2AAM","false","","0050p000004RJO7AAO","2023-03-15T03:15:35.000Z","","","TA-00283","false","0050p000004RJO7AAO","Nitzsche, Witting and Bayer","Approved","2023-03-15T03:15:35.000Z","0.0","2020-01-02","2019-12-29"
"0050p000004RJO7AAO","2023-03-15T03:15:35.000Z","a000p00000C41UWAAZ","GA","a010p000004lCW3AAM","false","","0050p000004RJO7AAO","2023-03-15T03:15:35.000Z","","","TA-00284","false","0050p000004RJO7AAO","Tromp LLC","Rejected","2023-03-15T03:15:35.000Z","0.0","2019-11-06","2019-11-02"
"0050p000004RJO7AAO","2023-03-15T03:15:35.000Z","a000p00000C41UZAAZ","OK","a010p000004lCW4AAM","false","","0050p000004RJO7AAO","2023-03-15T03:15:35.000Z","","","TA-00285","false","0050p000004RJO7AAO","Herzog, Bogisich and Marvin","Approved","2023-03-15T03:15:35.000Z","0.0","2019-10-31","2019-10-31"
"0050p000004RJO7AAO","2023-03-15T03:15:35.000Z","a000p00000C41UcAAJ","OK","a010p000004lCW5AAM","false","","0050p000004RJO7AAO","2023-03-15T03:15:35.000Z","","","TA-00286","false","0050p000004RJO7AAO","Daugherty, Lubowitz and Barrows","Approved","2023-03-15T03:15:35.000Z","0.0","2019-03-30","2019-03-18"
"0050p000004RJO7AAO","2023-03-15T03:15:35.000Z","a000p00000C41UaAAJ","GA","a010p000004lCW9AAM","false","","0050p000004RJO7AAO","2023-03-15T03:15:35.000Z","","","TA-00290","false","0050p000004RJO7AAO","Kuvalis, Muller and Kohler","Approved","2023-03-15T03:15:35.000Z","0.0","2019-11-29","2019-11-29"
"0050p000004RJO7AAO","2023-03-15T03:15:35.000Z","a000p00000C41UdAAJ","TX","a010p000004lCWAAA2","false","","0050p000004RJO7AAO","2023-03-15T03:15:35.000Z","","","TA-00291","false","0050p000004RJO7AAO","Graham-Luettgen","Approved","2023-03-15T03:15:35.000Z","0.0","2019-03-23","2019-03-15"
"0050p000004RJO7AAO","2023-03-15T03:15:35.000Z","a000p00000C41UZAAZ","OK","a010p000004lCWBAA2","false","","0050p000004RJO7AAO","2023-03-15T03:15:35.000Z","","","TA-00292","false","0050p000004RJO7AAO","Kub and Sons","Approved","2023-03-15T03:15:35.000Z","0.0","2019-04-24","2019-04-15"
"0050p000004RJO7AAO","2023-03-15T03:15:35.000Z","a000p00000C41USAAZ","CA","a010p000004lCWCAA2","false","","0050p000004RJO7AAO","2023-03-15T03:15:35.000Z","","","TA-00293","false","0050p000004RJO7AAO","Doyle, Bogisich and Medhurst","Rejected","2023-03-15T03:15:35.000Z","0.0","2019-04-19","2019-04-07"
"0050p000004RJO7AAO","2023-03-15T03:15:35.000Z","a000p00000C41UeAAJ","TX","a010p000004lCWDAA2","false","","0050p000004RJO7AAO","2023-03-15T03:15:35.000Z","","","TA-00294","false","0050p000004RJO7AAO","Jones Group","Approved","2023-03-15T03:15:35.000Z","0.0","2019-12-27","2019-12-21"
"0050p000004RJO7AAO","2023-03-15T03:15:35.000Z","a000p00000C41UbAAJ","TX","a010p000004lCWEAA2","false","","0050p000004RJO7AAO","2023-03-15T03:15:35.000Z","","","TA-00295","false","0050p000004RJO7AAO","Wilkinson, Lind and Monahan","Approved","2023-03-15T03:15:35.000Z","0.0","2019-04-01","2019-04-01"
"0050p000004RJO7AAO","2023-03-15T03:15:35.000Z","a000p00000C41UbAAJ","CA","a010p000004lCWFAA2","false","","0050p000004RJO7AAO","2023-03-15T03:15:35.000Z","","","TA-00296","false","0050p000004RJO7AAO","Beatty Group","Approved","2023-03-15T03:15:35.000Z","0.0","2019-08-19","2019-08-10"
"0050p000004RJO7AAO","2023-03-15T03:15:35.000Z","a000p00000C41UUAAZ","GA","a010p000004lCWGAA2","false","","0050p000004RJO7AAO","2023-03-15T03:15:35.000Z","","","TA-00297","false","0050p000004RJO7AAO","Cremin, Batz and Huel","Approved","2023-03-15T03:15:35.000Z","0.0","2019-04-05","2019-03-30"
"0050p000004RJO7AAO","2023-03-15T03:15:35.000Z","a000p00000C41UTAAZ","CA","a010p000004lCWHAA2","false","","0050p000004RJO7AAO","2023-03-15T03:15:35.000Z","","","TA-00298","false","0050p000004RJO7AAO","Cormier, Hayes and Jacobi","Approved","2023-03-15T03:15:35.000Z","0.0","2019-06-20","2019-06-17"
"0050p000004RJO7AAO","2023-03-15T03:15:35.000Z","a000p00000C41UbAAJ","TX","a010p000004lCWIAA2","false","","0050p000004RJO7AAO","2023-03-15T03:15:35.000Z","","","TA-00299","false","0050p000004RJO7AAO","Altenwerth-Kuhlman","Approved","2023-03-15T03:15:35.000Z","0.0","2019-12-28","2019-12-22"
"0050p000004RJO7AAO","2023-03-15T03:15:35.000Z","a000p00000C41UfAAJ","OK","a010p000004lCWJAA2","false","","0050p000004RJO7AAO","2023-03-15T03:15:35.000Z","","","TA-00300","false","0050p000004RJO7AAO","Treutel, Tremblay and Swaniawski","Approved","2023-03-15T03:15:35.000Z","0.0","2019-03-25","2019-03-24"
"0050p000004RJO7AAO","2023-03-15T03:15:35.000Z","a000p00000C41UTAAZ","GA","a010p000004lCWKAA2","false","","0050p000004RJO7AAO","2023-03-15T03:15:35.000Z","","","TA-00301","false","0050p000004RJO7AAO","Berge Inc","Approved","2023-03-15T03:15:35.000Z","0.0","2019-11-02","2019-10-30"
